timestamp,RMS,Peak,Crest,ZCR_Hz,dB,MFCC_1,MFCC_2,MFCC_3,MFCC_4,MFCC_5,MFCC_6,MFCC_7,MFCC_8,MFCC_9,MFCC_10,MFCC_11,MFCC_12,MFCC_13
2026-09-01T21:36:55.946643,0.91,1.0,1.1,125.0,0.0,55.856,-11.074,2.116,0.859,2.216,1.715,2.075,1.691,1.642,1.114,0.537,-0.122,-0.659
2026-09-01T21:36:55.946988,2896.31,65536.0,22.63,125.0,69.24,465.623,-51.063,-8.706,-7.623,-3.14,-2.74,-1.56,-1.615,-1.193,-1.189,-0.792,-0.794,-0.647
2026-09-01T21:36:55.947332,133218.92,3014400.0,22.63,125.0,102.49,771.736,-51.02,-8.668,-7.589,-3.11,-2.714,-1.537,-1.595,-1.175,-1.174,-0.779,-0.783,-0.637
2026-09-01T21:36:55.947664,104267.3,2359296.0,22.63,125.0,100.36,780.53,-51.65,-9.224,-8.071,-3.527,-3.074,-1.849,-1.865,-1.409,-1.376,-0.953,-0.933,-0.766
2026-09-01T21:36:55.947995,104422.86,2359296.0,22.59,125.0,100.38,754.938,-50.96,-8.615,-7.544,-3.072,-2.68,-1.507,-1.568,-1.153,-1.158,-0.767,-0.773,-0.628
2026-09-01T21:36:55.948308,12.41,280.0,22.57,125.0,21.87,185.339,-48.215,-6.26,-5.577,-1.455,-1.371,-0.466,-0.753,-0.522,-0.671,-0.402,-0.528,-0.523
2026-09-01T21:36:55.948629,207894.73,4194305.0,20.18,125.0,106.36,798.67,-52.62,-10.064,-8.77,-4.076,-3.529,-2.26,-2.232,-1.753,-1.807,-1.535,-1.437,-1.04
2026-09-01T21:36:55.948924,2.93,63.0,21.49,93.7,9.34,231.734,-50.392,-8.038,-6.955,-2.475,-2.079,-0.904,-0.955,-0.519,-0.502,-0.11,-0.137,-0.038
2026-09-01T21:36:55.949259,92770.95,2099167.0,22.63,125.0,99.35,696.653,-50.302,-8.049,-7.068,-2.674,-2.349,-1.231,-1.337,-0.959,-0.992,-0.626,-0.655,-0.53
2026-09-01T21:36:55.949570,318650.66,7210241.0,22.63,93.7,110.07,833.94,-51.347,-8.954,-7.836,-3.322,-2.896,-1.693,-1.729,-1.291,-1.273,-0.864,-0.856,-0.699
2026-09-01T21:36:55.949889,67769.07,1533439.0,22.63,125.0,96.62,691.303,-50.413,-8.144,-7.146,-2.739,-2.402,-1.275,-1.374,-0.989,-1.017,-0.647,-0.672,-0.544
2026-09-01T21:36:56.150803,1994.04,45120.0,22.63,125.0,65.99,443.974,-51.932,-9.478,-8.298,-3.729,-3.253,-2.007,-2.006,-1.535,-1.489,-1.053,-1.022,-0.845
2026-09-01T21:36:56.351586,186795.13,4194304.0,22.45,125.0,105.43,781.552,-52.226,-9.744,-8.534,-3.937,-3.437,-2.168,-2.146,-1.653,-1.586,-1.136,-1.095,-0.903
2026-09-01T21:36:56.551389,995.61,22528.0,22.63,125.0,59.96,537.469,-51.47,-9.063,-7.931,-3.405,-2.968,-1.756,-1.784,-1.338,-1.315,-0.9,-0.887,-0.726
2026-09-01T21:36:56.751992,0.91,2.0,2.2,125.0,0.0,63.369,-13.625,2.724,0.207,2.214,1.658,2.12,1.756,1.733,1.132,0.781,0.154,-0.363
2026-09-01T21:36:56.952506,440139.47,7340032.0,16.68,125.0,112.87,830.425,-51.63,-9.439,-7.469,-2.943,-2.332,-0.992,-0.88,-0.391,-0.75,-1.169,-1.694,-2.174
2026-09-01T21:36:57.152149,122188.05,2764800.0,22.63,125.0,101.74,729.523,-50.501,-8.219,-7.209,-2.791,-2.446,-1.311,-1.404,-1.014,-1.038,-0.664,-0.687,-0.556
2026-09-01T21:36:57.352568,23510.22,524288.0,22.3,125.0,87.43,700.818,-51.454,-9.049,-7.919,-3.393,-2.957,-1.746,-1.775,-1.33,-1.309,-0.895,-0.883,-0.722
2026-09-01T21:36:57.552712,1267.14,28672.0,22.63,125.0,62.06,481.72,-50.388,-8.123,-7.13,-2.726,-2.392,-1.267,-1.368,-0.985,-1.014,-0.644,-0.671,-0.543
2026-09-01T21:36:57.752845,34755.71,786432.0,22.63,125.0,90.82,720.442,-51.398,-9.0,-7.876,-3.356,-2.926,-1.719,-1.752,-1.31,-1.29,-0.878,-0.868,-0.71
2026-09-01T21:36:57.952575,91.06,2048.0,22.49,125.0,39.19,403.878,-52.241,-9.331,-8.337,-3.687,-3.241,-1.975,-1.979,-1.499,-1.454,-1.015,-0.987,-0.812
2026-09-01T21:36:58.152478,11.31,255.0,22.55,125.0,21.07,286.922,-50.838,-8.476,-7.388,-2.9,-2.495,-1.308,-1.352,-0.921,-0.912,-0.514,-0.531,-0.42
2026-09-01T21:36:58.352328,331241.66,5763071.0,17.4,125.0,110.4,752.335,-50.863,-8.327,-7.079,-2.482,-2.049,-0.837,-0.874,-0.539,-0.851,-0.863,-1.22,-1.52
2026-09-01T21:36:58.552573,34.68,768.0,22.14,125.0,30.8,286.38,-51.891,-9.429,-8.24,-3.664,-3.194,-1.962,-1.983,-1.552,-1.559,-1.13,-1.091,-0.963
2026-09-01T21:36:58.751354,413841.13,8372289.0,20.23,125.0,112.34,802.547,-51.914,-9.462,-8.283,-3.714,-3.244,-2.007,-2.016,-1.563,-1.539,-1.105,-1.069,-0.909
2026-09-01T21:36:58.952693,11.35,256.0,22.55,125.0,21.1,294.026,-51.282,-8.906,-7.803,-3.304,-2.891,-1.701,-1.75,-1.323,-1.313,-0.907,-0.895,-0.721
2026-09-01T21:36:59.152605,1445.58,32640.0,22.58,125.0,63.2,461.145,-50.205,-7.966,-6.997,-2.614,-2.294,-1.184,-1.302,-0.925,-0.973,-0.646,-0.7,-0.613
2026-09-01T21:36:59.352541,20.42,384.0,18.81,125.0,26.2,299.691,-51.477,-9.083,-7.964,-3.452,-3.035,-1.847,-1.891,-1.446,-1.407,-0.981,-0.963,-0.791
2026-09-01T21:36:59.553142,1.34,22.0,16.39,93.7,2.56,106.359,-32.376,2.883,-0.206,1.992,1.139,1.604,1.059,0.993,0.323,-0.151,-0.961,-1.495
2026-09-01T21:36:59.752437,0.9,1.0,1.11,125.0,0.0,57.473,-11.081,1.79,0.491,2.084,1.806,2.135,1.644,1.437,1.028,0.944,0.456,-0.161
2026-09-01T21:36:59.952568,375302.41,8388608.0,22.35,125.0,111.49,757.362,-51.368,-8.972,-7.854,-3.34,-2.923,-1.735,-1.774,-1.32,-1.27,-0.839,-0.831,-0.687
2026-09-01T21:37:00.152563,189078.58,4194305.0,22.18,125.0,105.53,772.307,-51.318,-8.824,-7.634,-3.141,-2.757,-1.622,-1.741,-1.35,-1.256,-0.695,-0.479,0.073
2026-09-01T21:37:00.353169,370727.59,8388608.0,22.63,93.7,111.38,733.25,-50.323,-8.067,-7.083,-2.687,-2.359,-1.239,-1.344,-0.965,-0.997,-0.63,-0.659,-0.533
2026-09-01T21:37:00.552647,5662.47,128127.0,22.63,125.0,75.06,605.41,-52.169,-9.692,-8.488,-3.896,-3.401,-2.138,-2.122,-1.637,-1.578,-1.131,-1.091,-0.905
2026-09-01T21:37:00.752494,330179.28,7471104.0,22.63,125.0,110.37,839.098,-51.74,-9.304,-8.142,-3.589,-3.129,-1.897,-1.907,-1.446,-1.409,-0.982,-0.958,-0.788
2026-09-01T21:37:01.151052,370727.59,8388608.0,22.63,125.0,111.38,804.19,-52.389,-9.893,-8.669,-4.059,-3.548,-2.27,-2.241,-1.744,-1.674,-1.217,-1.168,-0.973
2026-09-01T21:37:01.352559,89.98,2036.0,22.63,125.0,39.08,413.279,-51.703,-9.273,-8.117,-3.57,-3.115,-1.888,-1.902,-1.446,-1.412,-0.988,-0.966,-0.794
2026-09-01T21:37:01.552602,60826.81,1376256.0,22.63,125.0,95.68,704.102,-52.449,-9.948,-8.72,-4.105,-3.59,-2.31,-2.276,-1.776,-1.702,-1.241,-1.189,-0.993
2026-09-01T21:37:01.750901,94.76,2144.0,22.63,93.7,39.53,416.481,-51.639,-9.216,-8.067,-3.525,-3.075,-1.852,-1.871,-1.418,-1.387,-0.965,-0.946,-0.777
2026-09-01T21:37:01.952254,0.91,1.0,1.1,125.0,0.0,56.163,-11.05,2.011,0.716,2.223,1.814,2.162,1.82,1.761,1.191,0.817,0.224,-0.239
2026-09-01T21:37:02.152615,275804.16,6238217.0,22.62,93.7,108.81,825.819,-51.331,-8.94,-7.824,-3.312,-2.887,-1.685,-1.722,-1.285,-1.269,-0.86,-0.853,-0.696
2026-09-01T21:37:02.350682,186087.97,4210688.0,22.63,125.0,105.39,779.05,-52.269,-9.783,-8.57,-3.97,-3.467,-2.198,-2.175,-1.685,-1.621,-1.17,-1.125,-0.935
2026-09-01T21:37:02.552263,1.1,14.0,12.74,93.7,0.82,159.005,-45.283,-3.809,-3.51,0.331,0.207,0.955,0.581,0.769,0.574,0.778,0.584,0.505
2026-09-01T21:37:02.752363,23306.24,527360.0,22.63,125.0,87.35,656.104,-50.663,-8.358,-7.326,-2.888,-2.527,-1.379,-1.461,-1.062,-1.078,-0.697,-0.714,-0.579
2026-09-01T21:37:02.952616,185363.97,4194304.0,22.63,125.0,105.36,679.498,-51.865,-9.417,-8.242,-3.677,-3.206,-1.964,-1.965,-1.496,-1.451,-1.018,-0.99,-0.814
2026-09-01T21:37:03.152181,370773.34,8388607.0,22.62,125.0,111.38,747.749,-50.206,-7.968,-7.001,-2.62,-2.306,-1.199,-1.313,-0.937,-0.968,-0.602,-0.635,-0.516
2026-09-01T21:37:03.352541,378367.66,8257536.0,21.82,125.0,111.56,779.949,-51.573,-9.154,-8.009,-3.467,-3.014,-1.79,-1.809,-1.357,-1.345,-0.941,-0.921,-0.758
2026-09-01T21:37:03.552643,185464.08,4194305.0,22.62,125.0,105.37,803.005,-51.911,-9.458,-8.278,-3.709,-3.235,-1.991,-1.99,-1.519,-1.473,-1.038,-1.008,-0.832
2026-09-01T21:37:03.750870,459920.84,7864321.0,17.1,125.0,113.25,846.831,-53.101,-10.162,-8.569,-3.936,-3.537,-2.338,-2.322,-1.799,-1.503,-0.856,-0.581,-0.322
2026-09-01T21:37:03.952477,375236.97,8388608.0,22.36,125.0,111.49,828.108,-52.077,-9.608,-8.411,-3.827,-3.34,-2.087,-2.076,-1.592,-1.531,-1.089,-1.06,-0.882
2026-09-01T21:37:04.151006,79228.82,1785344.0,22.53,125.0,97.98,761.387,-51.401,-9.001,-7.879,-3.362,-2.94,-1.735,-1.771,-1.335,-1.328,-0.892,-0.847,-0.673
2026-09-01T21:37:04.352316,185365.22,4194304.0,22.63,125.0,105.36,690.786,-50.488,-8.207,-7.198,-2.781,-2.436,-1.302,-1.396,-1.006,-1.028,-0.659,-0.689,-0.562
2026-09-01T21:37:04.552280,16955.96,360448.0,21.26,125.0,84.59,587.145,-53.026,-10.075,-8.372,-3.496,-2.971,-1.801,-1.645,-0.957,-0.871,-0.601,-0.639,-0.971
2026-09-01T21:37:04.752462,16314.97,262144.0,16.07,125.0,84.25,666.314,-51.579,-9.146,-7.981,-3.436,-2.981,-1.768,-1.795,-1.339,-1.292,-0.897,-0.91,-0.756
2026-09-01T21:37:04.952466,23170.52,524289.0,22.63,125.0,87.3,651.02,-52.479,-9.976,-8.744,-4.127,-3.609,-2.326,-2.291,-1.789,-1.715,-1.255,-1.201,-1.003
2026-09-01T21:37:05.151670,8688.93,196608.0,22.63,93.7,78.78,645.249,-51.882,-9.432,-8.255,-3.689,-3.217,-1.974,-1.975,-1.506,-1.462,-1.029,-1.0,-0.824
2026-09-01T21:37:05.351168,81452.27,1835008.0,22.53,125.0,98.22,684.403,-52.612,-10.002,-8.68,-3.999,-3.491,-2.231,-2.167,-1.585,-1.503,-1.074,-1.123,-0.986
2026-09-01T21:37:05.552210,1810.56,40965.0,22.63,93.7,65.16,456.791,-50.339,-8.082,-7.096,-2.699,-2.373,-1.256,-1.362,-0.977,-1.001,-0.628,-0.656,-0.531
2026-09-01T21:37:05.752408,301216.19,6815744.0,22.63,125.0,109.58,766.525,-52.628,-10.113,-8.87,-4.241,-3.713,-2.421,-2.377,-1.867,-1.786,-1.319,-1.259,-1.056
2026-09-01T21:37:05.952258,178123.03,4030464.0,22.63,93.7,105.01,804.114,-51.837,-9.391,-8.219,-3.657,-3.188,-1.949,-1.953,-1.487,-1.445,-1.013,-0.986,-0.812
2026-09-01T21:37:06.152215,11585.33,262144.0,22.63,125.0,81.28,610.349,-52.6,-9.978,-8.792,-4.152,-3.64,-2.35,-2.315,-1.81,-1.734,-1.271,-1.216,-1.016
2026-09-01T21:37:06.352365,11585.28,262145.0,22.63,125.0,81.28,535.193,-51.813,-9.37,-8.201,-3.641,-3.175,-1.937,-1.943,-1.478,-1.437,-1.006,-0.98,-0.807
2026-09-01T21:37:06.552127,0.91,4.0,4.38,125.0,0.0,87.325,-29.037,4.135,0.37,2.53,1.791,2.296,1.704,1.645,1.237,1.19,0.644,0.139
2026-09-01T21:37:06.752321,28.3,640.0,22.62,125.0,29.04,226.866,-50.558,-8.299,-7.317,-2.928,-2.613,-1.507,-1.62,-1.24,-1.26,-0.874,-0.886,-0.757
2026-09-01T21:37:06.952374,371137.5,8388608.0,22.6,125.0,111.39,825.845,-51.016,-8.661,-7.578,-3.098,-2.7,-1.523,-1.58,-1.158,-1.15,-0.766,-0.789,-0.651
2026-09-01T21:37:07.152273,1634.79,36991.0,22.63,93.7,64.27,561.788,-51.407,-9.007,-7.881,-3.361,-2.929,-1.722,-1.754,-1.311,-1.291,-0.879,-0.87,-0.711
2026-09-01T21:37:07.352250,1448.16,32768.0,22.63,125.0,63.22,513.859,-52.413,-9.915,-8.69,-4.078,-3.566,-2.287,-2.256,-1.758,-1.688,-1.23,-1.18,-0.986
2026-09-01T21:37:07.552232,43444.68,983041.0,22.63,93.7,92.76,634.349,-52.757,-10.233,-8.98,-4.342,-3.805,-2.505,-2.454,-1.937,-1.85,-1.376,-1.311,-1.103
2026-09-01T21:37:07.751435,323300.56,7315456.0,22.63,125.0,110.19,804.839,-50.827,-8.499,-7.445,-2.989,-2.611,-1.45,-1.521,-1.112,-1.12,-0.733,-0.744,-0.604
2026-09-01T21:37:07.952156,138.56,3135.0,22.63,93.7,42.83,432.524,-51.368,-8.972,-7.849,-3.332,-2.903,-1.698,-1.731,-1.29,-1.27,-0.858,-0.848,-0.691
2026-09-01T21:37:08.152264,294427.41,4194304.0,14.25,125.0,109.38,807.307,-52.142,-9.369,-7.877,-3.164,-2.563,-1.265,-1.289,-0.921,-0.89,-0.528,-0.768,-1.114
2026-09-01T21:37:08.350610,15566.96,352240.0,22.63,125.0,83.84,550.469,-51.638,-9.214,-8.063,-3.519,-3.068,-1.843,-1.86,-1.405,-1.373,-0.95,-0.931,-0.764
2026-09-01T21:37:08.552210,46341.08,1048579.0,22.63,125.0,93.32,684.594,-50.569,-8.277,-7.258,-2.831,-2.479,-1.339,-1.427,-1.034,-1.055,-0.678,-0.698,-0.565
2026-09-01T21:37:08.750663,23261.03,526337.0,22.63,125.0,87.33,575.144,-52.341,-9.849,-8.629,-4.023,-3.516,-2.242,-2.215,-1.721,-1.653,-1.199,-1.152,-0.959
2026-09-01T21:37:08.951325,0.9,1.0,1.11,125.0,0.0,60.134,-11.362,1.641,0.459,2.099,1.863,2.235,1.767,1.538,1.182,1.198,0.724,0.032
2026-09-01T21:37:09.352124,1450.98,32832.0,22.63,125.0,63.23,544.039,-51.142,-8.774,-7.68,-3.188,-2.78,-1.593,-1.643,-1.216,-1.209,-0.808,-0.807,-0.657
2026-09-01T21:37:09.552122,92693.09,2097153.0,22.62,125.0,99.34,668.47,-50.257,-8.013,-7.038,-2.65,-2.327,-1.211,-1.318,-0.947,-0.992,-0.63,-0.656,-0.525
2026-09-01T21:37:09.752170,92681.98,2097152.0,22.63,125.0,99.34,671.672,-52.757,-10.233,-8.98,-4.342,-3.806,-2.506,-2.455,-1.939,-1.851,-1.379,-1.314,-1.106
2026-09-01T21:37:09.952082,62619.14,1416192.0,22.62,125.0,95.93,683.981,-50.395,-8.128,-7.135,-2.731,-2.398,-1.27,-1.365,-0.978,-1.006,-0.635,-0.668,-0.544
2026-09-01T21:37:10.152116,254151.22,5750785.0,22.63,125.0,108.1,810.151,-51.1,-8.737,-7.648,-3.161,-2.757,-1.574,-1.627,-1.203,-1.198,-0.798,-0.8,-0.651
2026-09-01T21:37:10.352069,5792.62,131072.0,22.63,125.0,75.26,620.989,-51.948,-9.491,-8.308,-3.736,-3.258,-2.011,-2.008,-1.536,-1.488,-1.052,-1.02,-0.842
2026-09-01T21:37:10.552048,188.05,4096.0,21.78,125.0,45.49,427.731,-51.003,-8.652,-7.574,-3.098,-2.704,-1.528,-1.585,-1.168,-1.169,-0.777,-0.781,-0.634
2026-09-01T21:37:10.752042,656.22,14848.0,22.63,93.7,56.34,419.089,-50.215,-7.978,-7.011,-2.63,-2.316,-1.208,-1.322,-0.946,-0.98,-0.615,-0.646,-0.523
2026-09-01T21:37:10.952087,291338.38,6291457.0,21.6,125.0,109.29,803.96,-50.986,-8.637,-7.561,-3.085,-2.686,-1.503,-1.56,-1.15,-1.167,-0.784,-0.79,-0.641
2026-09-01T21:37:11.152002,436.17,8192.0,18.78,125.0,52.79,460.21,-51.734,-9.301,-8.142,-3.593,-3.141,-1.921,-1.935,-1.467,-1.412,-0.973,-0.951,-0.789
2026-09-01T21:37:11.352138,298319.88,6750208.0,22.63,125.0,109.49,766.023,-52.628,-10.113,-8.87,-4.241,-3.713,-2.421,-2.377,-1.867,-1.786,-1.319,-1.259,-1.056
2026-09-01T21:37:11.551990,42096.57,917568.0,21.8,93.7,92.48,670.49,-51.274,-8.871,-7.75,-3.234,-2.807,-1.601,-1.67,-1.239,-1.212,-0.82,-0.853,-0.72
2026-09-01T21:37:11.752086,44711.73,1011711.0,22.63,125.0,93.01,690.671,-50.672,-8.365,-7.332,-2.893,-2.531,-1.382,-1.464,-1.064,-1.08,-0.699,-0.716,-0.58
2026-09-01T21:37:11.952023,231705.88,5242880.0,22.63,125.0,107.3,703.248,-50.465,-8.189,-7.183,-2.769,-2.426,-1.292,-1.383,-0.991,-1.014,-0.643,-0.672,-0.554
2026-09-01T21:37:12.151976,40446.51,915200.0,22.63,125.0,92.14,706.137,-50.964,-8.619,-7.547,-3.075,-2.684,-1.511,-1.573,-1.157,-1.158,-0.765,-0.771,-0.627
2026-09-01T21:37:12.351991,57926.19,1310720.0,22.63,125.0,95.26,749.252,-51.707,-9.275,-8.116,-3.566,-3.108,-1.879,-1.891,-1.432,-1.397,-0.971,-0.949,-0.78
2026-09-01T21:37:12.551581,2805.8,63488.0,22.63,125.0,68.96,539.751,-52.495,-9.99,-8.758,-4.14,-3.621,-2.337,-2.302,-1.799,-1.724,-1.263,-1.209,-1.011
2026-09-01T21:37:12.751868,12.41,280.0,22.57,93.7,21.87,310.356,-51.731,-9.309,-8.161,-3.621,-3.174,-1.954,-1.978,-1.533,-1.51,-1.098,-1.086,-0.918
2026-09-01T21:37:12.951957,93410.66,2097152.0,22.45,125.0,99.41,732.536,-52.337,-9.753,-8.444,-3.815,-3.304,-2.051,-2.021,-1.499,-1.378,-1.005,-1.098,-0.982
2026-09-01T21:37:13.151133,364.87,8255.0,22.62,93.7,51.24,480.984,-51.322,-8.932,-7.816,-3.304,-2.88,-1.679,-1.716,-1.278,-1.261,-0.852,-0.845,-0.689
2026-09-01T21:37:13.351857,370667.59,8387250.0,22.63,125.0,111.38,811.373,-50.818,-8.492,-7.439,-2.983,-2.607,-1.446,-1.517,-1.109,-1.118,-0.731,-0.743,-0.603
2026-09-01T21:37:13.551848,11620.32,262262.0,22.57,93.7,81.3,565.169,-52.391,-9.876,-8.635,-4.024,-3.517,-2.25,-2.211,-1.69,-1.579,-1.157,-1.198,-1.063
2026-09-01T21:37:13.750359,11785.05,262144.0,22.24,125.0,81.43,624.143,-50.765,-8.446,-7.401,-2.952,-2.587,-1.439,-1.517,-1.104,-1.097,-0.701,-0.714,-0.582
2026-09-01T21:37:13.951876,185363.83,4194304.0,22.63,125.0,105.36,716.023,-52.75,-10.226,-8.974,-4.336,-3.8,-2.5,-2.449,-1.933,-1.846,-1.373,-1.308,-1.1
2026-09-01T21:37:14.151518,90.56,2049.0,22.63,125.0,39.14,312.836,-50.288,-8.054,-7.092,-2.715,-2.404,-1.298,-1.416,-1.049,-1.093,-0.736,-0.772,-0.648
2026-09-01T21:37:14.350994,370682.41,8386560.0,22.62,125.0,111.38,845.665,-51.488,-9.079,-7.944,-3.416,-2.977,-1.764,-1.791,-1.344,-1.32,-0.904,-0.891,-0.729
2026-09-01T21:37:14.550954,158995.59,3588095.0,22.57,125.0,104.03,795.389,-51.903,-9.451,-8.273,-3.705,-3.231,-1.987,-1.986,-1.515,-1.468,-1.035,-1.008,-0.835
2026-09-01T21:37:14.751783,113096.58,2097152.0,18.54,125.0,101.07,694.567,-53.718,-10.86,-9.319,-4.631,-4.127,-2.839,-2.79,-2.277,-2.039,-1.417,-1.149,-0.857
2026-09-01T21:37:14.951780,23170.52,524289.0,22.63,125.0,87.3,698.055,-51.837,-9.391,-8.219,-3.657,-3.189,-1.949,-1.953,-1.487,-1.445,-1.013,-0.986,-0.812
2026-09-01T21:37:15.149670,7215.8,161408.0,22.37,125.0,77.17,538.793,-52.795,-10.01,-8.537,-3.78,-3.296,-2.076,-1.999,-1.355,-1.263,-0.868,-1.019,-0.962
2026-09-01T21:37:15.350373,321940.34,7274496.0,22.6,125.0,110.16,771.099,-50.416,-8.146,-7.149,-2.742,-2.409,-1.286,-1.386,-0.996,-1.013,-0.635,-0.66,-0.536
2026-09-01T21:37:15.551572,619.43,14016.0,22.63,125.0,55.84,511.018,-51.401,-9.002,-7.878,-3.359,-2.928,-1.721,-1.754,-1.312,-1.292,-0.88,-0.871,-0.712
2026-09-01T21:37:15.751785,93270.88,2061824.0,22.11,125.0,99.39,763.459,-51.965,-9.507,-8.323,-3.75,-3.272,-2.024,-2.021,-1.548,-1.501,-1.065,-1.035,-0.856
2026-09-01T21:37:15.951741,186812.31,4194304.0,22.45,125.0,105.43,805.421,-51.292,-8.884,-7.748,-3.235,-2.808,-1.615,-1.652,-1.205,-1.168,-0.798,-0.855,-0.731
2026-09-01T21:37:16.151487,0.9,1.0,1.12,93.7,0.0,66.965,-12.044,1.236,0.267,1.951,1.609,1.848,1.367,1.282,1.1,1.007,0.383,-0.04
2026-09-01T21:37:16.351686,370727.59,8388608.0,22.63,125.0,111.38,838.242,-51.26,-8.878,-7.77,-3.265,-2.847,-1.651,-1.693,-1.259,-1.246,-0.84,-0.835,-0.682
2026-09-01T21:37:16.551696,93794.02,1572864.0,16.77,125.0,99.44,769.027,-52.663,-9.506,-7.661,-2.819,-2.32,-1.181,-1.205,-0.667,-0.488,-0.29,-0.697,-0.863
2026-09-01T21:37:16.751733,139022.84,3145728.0,22.63,125.0,102.86,720.853,-52.665,-10.147,-8.901,-4.27,-3.739,-2.445,-2.399,-1.887,-1.804,-1.335,-1.274,-1.069
2026-09-01T21:37:16.951504,0.9,1.0,1.11,93.7,0.0,67.333,-12.065,1.205,0.233,1.923,1.585,1.818,1.329,1.24,1.054,0.962,0.35,-0.07
2026-09-01T21:37:17.151519,184479.5,4165631.0,22.58,125.0,105.32,769.196,-50.707,-8.369,-7.302,-2.852,-2.481,-1.335,-1.41,-0.994,-0.98,-0.638,-0.723,-0.619
2026-09-01T21:37:17.351466,370727.66,8388608.0,22.63,93.7,111.38,736.206,-50.275,-8.027,-7.049,-2.659,-2.337,-1.221,-1.329,-0.952,-0.986,-0.621,-0.651,-0.527
2026-09-01T21:37:17.751450,0.9,3.0,3.32,125.0,0.0,84.466,-27.225,4.375,0.267,2.407,1.685,2.199,1.59,1.501,1.087,1.043,0.472,-0.052
2026-09-01T21:37:17.951623,45978.91,1040384.0,22.63,125.0,93.25,736.244,-51.755,-9.317,-8.154,-3.599,-3.138,-1.905,-1.914,-1.452,-1.414,-0.986,-0.962,-0.792
2026-09-01T21:37:18.151641,11.79,258.0,21.88,125.0,21.43,280.186,-51.738,-9.28,-8.096,-3.525,-3.047,-1.799,-1.8,-1.341,-1.315,-0.898,-0.88,-0.714
2026-09-01T21:37:18.351537,538.73,12190.0,22.63,125.0,54.63,505.222,-51.451,-9.046,-7.915,-3.391,-2.955,-1.744,-1.773,-1.328,-1.305,-0.89,-0.878,-0.718
2026-09-01T21:37:18.551597,411811.66,8320895.0,20.21,125.0,112.29,806.94,-52.486,-9.662,-8.123,-3.469,-3.106,-2.077,-2.064,-1.632,-1.617,-0.826,-0.234,0.347
2026-09-01T21:37:18.749878,2.31,48.0,20.78,125.0,7.27,114.304,-34.898,1.892,-0.635,1.773,0.986,1.414,0.83,0.853,0.504,0.581,0.257,-0.056
2026-09-01T21:37:18.951186,23170.47,524288.0,22.63,125.0,87.3,673.731,-50.913,-8.574,-7.509,-3.042,-2.656,-1.488,-1.553,-1.14,-1.144,-0.753,-0.761,-0.618
2026-09-01T21:37:19.151157,0.93,4.0,4.28,125.0,0.0,106.473,-32.531,2.654,-0.371,1.985,1.293,1.783,1.132,0.998,0.582,0.46,-0.197,-0.719
2026-09-01T21:37:19.351516,5708.65,128895.0,22.58,125.0,75.13,616.925,-52.006,-9.544,-8.356,-3.779,-3.298,-2.046,-2.038,-1.561,-1.51,-1.071,-1.04,-0.862
2026-09-01T21:37:19.551312,0.91,2.0,2.19,93.7,0.0,83.243,-22.271,3.721,-0.443,1.973,1.261,1.622,1.021,1.079,0.771,0.737,0.092,-0.258
2026-09-01T21:37:19.751542,1457.7,32984.0,22.63,125.0,63.27,473.851,-50.243,-7.998,-7.025,-2.638,-2.318,-1.204,-1.314,-0.938,-0.974,-0.61,-0.64,-0.517
2026-09-01T21:37:19.951415,4.68,104.0,22.21,93.7,13.41,253.673,-50.773,-8.398,-7.295,-2.795,-2.38,-1.187,-1.224,-0.781,-0.757,-0.346,-0.344,-0.215
2026-09-01T21:37:20.151469,8960.77,202743.0,22.63,125.0,79.05,616.045,-50.79,-8.467,-7.417,-2.964,-2.59,-1.431,-1.504,-1.097,-1.106,-0.723,-0.739,-0.602
2026-09-01T21:37:20.351426,278045.94,6291456.0,22.63,125.0,108.88,830.958,-51.503,-9.093,-7.956,-3.427,-2.987,-1.772,-1.798,-1.35,-1.325,-0.908,-0.894,-0.732
2026-09-01T21:37:20.551442,207971.17,4587519.0,22.06,125.0,106.36,807.238,-51.914,-9.461,-8.281,-3.713,-3.239,-1.995,-1.995,-1.524,-1.475,-1.037,-1.008,-0.831
2026-09-01T21:37:20.751476,404157.81,8126465.0,20.11,125.0,112.13,839.959,-51.891,-8.949,-7.318,-2.615,-2.189,-1.087,-1.144,-0.642,-0.496,-0.287,-0.649,-0.759
2026-09-01T21:37:20.950817,142210.78,3207167.0,22.55,125.0,103.06,791.298,-51.928,-9.471,-8.293,-3.724,-3.259,-2.017,-2.021,-1.557,-1.526,-1.066,-0.996,-0.803
2026-09-01T21:37:21.151493,185363.88,4194304.0,22.63,125.0,105.36,809.633,-51.488,-9.079,-7.945,-3.416,-2.978,-1.764,-1.791,-1.344,-1.32,-0.904,-0.891,-0.729
2026-09-01T21:37:21.351315,92773.19,2099201.0,22.63,125.0,99.35,661.24,-50.326,-8.07,-7.085,-2.688,-2.359,-1.238,-1.342,-0.964,-0.998,-0.632,-0.66,-0.533
2026-09-01T21:37:21.551309,1055.42,17440.0,16.52,125.0,60.47,523.49,-51.436,-9.033,-7.906,-3.383,-2.952,-1.747,-1.778,-1.331,-1.302,-0.884,-0.873,-0.716
2026-09-01T21:37:21.751385,185928.67,4194305.0,22.56,125.0,105.39,700.189,-51.045,-8.688,-7.608,-3.128,-2.742,-1.581,-1.642,-1.205,-1.167,-0.748,-0.752,-0.619
2026-09-01T21:37:21.951367,372901.28,8372385.0,22.45,125.0,111.43,789.291,-52.41,-9.913,-8.69,-4.081,-3.574,-2.31,-2.284,-1.77,-1.684,-1.214,-1.163,-0.977
2026-09-01T21:37:22.151287,52863.66,1165248.0,22.04,125.0,94.46,689.818,-50.874,-8.538,-7.473,-3.005,-2.616,-1.46,-1.546,-1.149,-1.161,-0.772,-0.744,-0.578
2026-09-01T21:37:22.351336,416247.59,8388607.0,20.15,125.0,112.39,824.112,-50.997,-8.599,-7.47,-2.98,-2.578,-1.414,-1.474,-1.038,-0.991,-0.642,-0.733,-0.638
2026-09-01T21:37:22.551352,115128.87,2605056.0,22.63,125.0,101.22,708.836,-50.31,-8.056,-7.074,-2.679,-2.353,-1.235,-1.341,-0.962,-0.994,-0.627,-0.656,-0.531
2026-09-01T21:37:22.751347,254880.56,5767167.0,22.63,125.0,108.13,785.355,-52.381,-9.886,-8.663,-4.054,-3.543,-2.267,-2.237,-1.741,-1.671,-1.214,-1.165,-0.971
2026-09-01T21:37:22.951305,2885.28,65279.0,22.62,125.0,69.2,463.796,-51.469,-9.065,-7.935,-3.414,-2.982,-1.775,-1.803,-1.362,-1.345,-0.941,-0.934,-0.772
2026-09-01T21:37:23.151301,105941.56,2397183.0,22.63,125.0,100.5,756.678,-50.971,-8.625,-7.552,-3.079,-2.688,-1.515,-1.576,-1.159,-1.16,-0.767,-0.773,-0.628
2026-09-01T21:37:23.351284,292527.25,6619136.0,22.63,93.7,109.32,828.948,-51.861,-9.413,-8.239,-3.674,-3.204,-1.963,-1.965,-1.497,-1.454,-1.021,-0.993,-0.819
2026-09-01T21:37:23.551281,186825.86,4194305.0,22.45,125.0,105.43,780.36,-50.906,-8.568,-7.505,-3.039,-2.655,-1.487,-1.553,-1.142,-1.147,-0.747,-0.741,-0.596
2026-09-01T21:37:23.749721,431151.38,8388607.0,19.46,93.7,112.69,852.893,-52.162,-9.232,-7.674,-2.925,-2.442,-1.178,-1.311,-0.862,-0.743,-0.477,-0.788,-0.952
2026-09-01T21:37:23.951208,6453.65,130496.0,20.22,125.0,76.2,618.811,-51.287,-8.697,-7.443,-2.878,-2.468,-1.251,-1.37,-0.937,-0.867,-0.576,-0.799,-0.848
2026-09-01T21:37:24.151181,363140.63,8200191.0,22.58,93.7,111.2,845.497,-51.613,-9.19,-8.042,-3.502,-3.052,-1.829,-1.847,-1.394,-1.363,-0.941,-0.924,-0.758
2026-09-01T21:37:24.351222,95534.35,2097152.0,21.95,125.0,99.6,758.037,-51.119,-8.753,-7.659,-3.168,-2.759,-1.578,-1.637,-1.218,-1.213,-0.815,-0.804,-0.646
2026-09-01T21:37:24.550975,0.92,1.0,1.09,93.7,0.0,68.328,-12.149,1.125,0.151,1.826,1.466,1.682,1.181,1.088,0.911,0.833,0.236,-0.162
2026-09-01T21:37:24.751022,1.23,19.0,15.49,125.0,1.77,157.147,-45.526,-3.866,-3.439,0.491,0.437,1.247,0.893,1.06,0.821,0.982,0.732,0.595
2026-09-01T21:37:24.951169,113020.55,2555775.0,22.61,125.0,101.06,784.115,-51.503,-9.092,-7.956,-3.426,-2.986,-1.772,-1.797,-1.35,-1.325,-0.908,-0.894,-0.733
2026-09-01T21:37:25.151153,104267.09,2359295.0,22.63,125.0,100.36,763.538,-52.077,-9.608,-8.413,-3.829,-3.341,-2.085,-2.074,-1.594,-1.54,-1.097,-1.06,-0.878
2026-09-01T21:37:25.351145,185182.78,4190208.0,22.63,125.0,105.35,809.981,-51.688,-9.258,-8.101,-3.553,-3.097,-1.869,-1.882,-1.424,-1.39,-0.965,-0.944,-0.775
2026-09-01T21:37:25.551562,50829.98,1048575.0,20.63,125.0,94.12,692.41,-51.579,-8.991,-7.742,-3.201,-2.882,-1.759,-1.842,-1.432,-1.484,-0.929,-0.699,-0.427
2026-09-01T21:37:25.951104,58041.97,1313281.0,22.63,93.7,95.27,638.359,-52.701,-10.18,-8.93,-4.295,-3.761,-2.466,-2.421,-1.908,-1.823,-1.351,-1.283,-1.073
2026-09-01T21:37:26.151025,4374.53,73728.0,16.85,125.0,72.82,580.243,-51.475,-9.069,-7.937,-3.414,-2.993,-1.809,-1.836,-1.375,-1.32,-0.861,-0.814,-0.644
2026-09-01T21:37:26.350936,0.9,1.0,1.11,93.7,0.0,67.329,-12.149,1.068,-0.001,1.713,1.369,1.734,1.162,0.969,0.715,0.661,0.074,-0.449
2026-09-01T21:37:26.550989,3892.97,88064.0,22.62,125.0,71.81,573.498,-52.291,-9.798,-8.578,-3.969,-3.466,-2.198,-2.169,-1.666,-1.603,-1.157,-1.128,-0.946
2026-09-01T21:37:26.750902,3.18,69.0,21.68,93.7,10.06,237.702,-51.36,-8.984,-7.888,-3.4,-3.006,-1.842,-1.932,-1.56,-1.614,-1.272,-1.32,-1.19
2026-09-01T21:37:26.951000,92796.89,2099754.0,22.63,125.0,99.35,692.796,-50.269,-8.022,-7.045,-2.656,-2.334,-1.218,-1.327,-0.95,-0.985,-0.62,-0.651,-0.526
2026-09-01T21:37:27.150898,13041.9,295101.0,22.63,93.7,82.31,666.96,-51.322,-8.931,-7.815,-3.303,-2.879,-1.679,-1.716,-1.277,-1.261,-0.854,-0.849,-0.694
2026-09-01T21:37:27.351010,90600.13,2050047.0,22.63,125.0,99.14,680.462,-50.206,-7.969,-7.001,-2.62,-2.304,-1.194,-1.307,-0.934,-0.972,-0.609,-0.641,-0.519
2026-09-01T21:37:27.550479,364934.97,8257536.0,22.63,125.0,111.24,845.427,-51.527,-9.114,-7.975,-3.442,-3.0,-1.784,-1.808,-1.359,-1.333,-0.915,-0.901,-0.738
2026-09-01T21:37:27.751063,104267.14,2359296.0,22.63,125.0,100.36,739.334,-50.734,-8.419,-7.377,-2.931,-2.563,-1.409,-1.486,-1.083,-1.096,-0.712,-0.727,-0.59
2026-09-01T21:37:27.951026,15477.14,253952.0,16.41,125.0,83.79,651.551,-51.226,-8.85,-7.747,-3.249,-2.837,-1.648,-1.693,-1.263,-1.259,-0.868,-0.872,-0.718
2026-09-01T21:37:28.151028,185369.45,4194304.0,22.63,125.0,105.36,761.83,-50.633,-8.331,-7.303,-2.869,-2.51,-1.364,-1.448,-1.051,-1.068,-0.69,-0.711,-0.578
2026-09-01T21:37:28.350921,67.36,1524.0,22.62,125.0,36.57,396.32,-51.445,-9.043,-7.915,-3.393,-2.96,-1.752,-1.783,-1.341,-1.32,-0.907,-0.896,-0.736
2026-09-01T21:37:28.550862,388063.56,7700479.0,19.84,125.0,111.78,765.262,-51.93,-9.172,-7.799,-3.239,-2.972,-1.862,-1.897,-1.396,-1.35,-0.663,-0.292,0.028
2026-09-01T21:37:28.749490,236878.5,5242880.0,22.13,125.0,107.49,744.828,-51.588,-9.168,-8.024,-3.491,-3.052,-1.836,-1.858,-1.406,-1.356,-0.918,-0.905,-0.739
2026-09-01T21:37:28.950921,10239.75,231699.0,22.63,125.0,80.21,545.651,-50.341,-8.082,-7.095,-2.696,-2.367,-1.245,-1.349,-0.968,-1.0,-0.632,-0.66,-0.534
2026-09-01T21:37:29.150072,28965.37,655360.0,22.63,125.0,89.24,711.679,-51.424,-9.022,-7.895,-3.373,-2.94,-1.732,-1.762,-1.319,-1.298,-0.885,-0.874,-0.715
2026-09-01T21:37:29.350903,10884.13,246143.0,22.61,125.0,80.74,661.556,-51.725,-9.288,-8.123,-3.57,-3.107,-1.876,-1.886,-1.422,-1.378,-0.962,-0.958,-0.796
2026-09-01T21:37:29.550880,186086.08,4194303.0,22.54,125.0,105.39,792.797,-51.049,-8.675,-7.573,-3.087,-2.682,-1.507,-1.559,-1.126,-1.103,-0.739,-0.798,-0.675
2026-09-01T21:37:29.750841,266461.97,6029311.0,22.63,125.0,108.51,826.395,-51.798,-9.356,-8.188,-3.629,-3.164,-1.928,-1.935,-1.47,-1.43,-1.0,-0.975,-0.803
2026-09-01T21:37:29.950825,10125.77,229120.0,22.63,125.0,80.11,561.736,-52.755,-10.231,-8.978,-4.34,-3.803,-2.503,-2.452,-1.936,-1.848,-1.376,-1.312,-1.104
2026-09-01T21:37:30.150820,11855.44,268258.0,22.63,125.0,81.48,665.993,-51.745,-9.308,-8.146,-3.592,-3.132,-1.899,-1.909,-1.448,-1.41,-0.983,-0.959,-0.789
2026-09-01T21:37:30.350874,373618.13,8388607.0,22.45,125.0,111.45,803.667,-52.344,-9.852,-8.634,-4.031,-3.525,-2.251,-2.225,-1.733,-1.662,-1.2,-1.149,-0.959
2026-09-01T21:37:30.550716,360303.44,7856128.0,21.8,125.0,111.13,833.864,-51.944,-9.487,-8.304,-3.731,-3.253,-2.005,-2.001,-1.528,-1.479,-1.039,-1.005,-0.828
2026-09-01T21:37:30.750692,333662.56,6271744.0,18.8,125.0,110.47,786.917,-51.324,-8.936,-7.831,-3.329,-2.924,-1.738,-1.785,-1.362,-1.391,-1.004,-1.008,-0.825
2026-09-01T21:37:30.950787,2896.31,65536.0,22.63,93.7,69.24,587.45,-51.896,-9.444,-8.266,-3.698,-3.225,-1.982,-1.982,-1.512,-1.467,-1.033,-1.003,-0.827
2026-09-01T21:37:31.150827,186305.48,4194271.0,22.51,125.0,105.4,784.466,-51.041,-8.689,-7.601,-3.124,-2.737,-1.586,-1.636,-1.228,-1.249,-0.819,-0.753,-0.554
2026-09-01T21:37:31.350558,1448.16,32768.0,22.63,93.7,63.22,553.505,-51.848,-9.401,-8.228,-3.665,-3.196,-1.956,-1.96,-1.493,-1.45,-1.018,-0.991,-0.817
2026-09-01T21:37:31.550747,3490.48,78974.0,22.63,125.0,70.86,572.682,-50.874,-8.54,-7.48,-3.018,-2.636,-1.471,-1.538,-1.127,-1.133,-0.744,-0.754,-0.612
2026-09-01T21:37:31.750733,45.62,1024.0,22.45,93.7,33.18,285.376,-50.655,-8.236,-7.12,-2.63,-2.247,-1.073,-1.213,-0.811,-0.781,-0.448,-0.584,-0.539
2026-09-01T21:37:31.950540,166495.53,3128320.0,18.79,125.0,104.43,784.936,-51.976,-9.343,-8.019,-3.488,-3.097,-1.912,-1.961,-1.543,-1.412,-0.894,-0.731,-0.523
2026-09-01T21:37:32.150495,0.91,1.0,1.1,93.7,0.0,67.721,-12.09,1.186,0.209,1.884,1.534,1.767,1.283,1.198,1.011,0.916,0.297,-0.124
2026-09-01T21:37:32.350721,45404.61,950272.0,20.93,125.0,93.14,717.237,-51.133,-8.629,-7.447,-2.919,-2.518,-1.309,-1.415,-0.985,-0.93,-0.622,-0.805,-0.812
2026-09-01T21:37:32.549127,185364.16,4194312.0,22.63,93.7,105.36,807.37,-51.803,-9.36,-8.192,-3.633,-3.167,-1.931,-1.937,-1.472,-1.432,-1.002,-0.976,-0.804
2026-09-01T21:37:32.750572,193.67,4352.0,22.47,125.0,45.74,400.747,-52.493,-9.994,-8.768,-4.156,-3.644,-2.368,-2.337,-1.84,-1.775,-1.33,-1.285,-1.086
2026-09-01T21:37:32.950626,223434.23,4194305.0,18.77,125.0,106.98,694.184,-52.828,-9.269,-7.864,-3.161,-2.239,-0.425,0.041,1.376,1.952,2.548,1.175,-0.754
2026-09-01T21:37:33.150647,92684.73,2097152.0,22.63,125.0,99.34,712.949,-52.585,-10.076,-8.836,-4.211,-3.688,-2.402,-2.359,-1.853,-1.777,-1.306,-1.236,-1.026
2026-09-01T21:37:33.351612,11.39,257.0,22.55,125.0,21.13,185.22,-48.544,-6.46,-5.662,-1.45,-1.303,-0.356,-0.617,-0.373,-0.521,-0.258,-0.394,-0.402
2026-09-01T21:37:33.551693,386546.09,8257536.0,21.36,125.0,111.74,827.293,-51.143,-8.776,-7.682,-3.192,-2.788,-1.602,-1.638,-1.206,-1.201,-0.801,-0.796,-0.647
2026-09-01T21:37:33.750227,92413.16,2091007.0,22.63,125.0,99.31,771.875,-51.418,-9.017,-7.89,-3.369,-2.936,-1.728,-1.76,-1.317,-1.296,-0.884,-0.873,-0.715
2026-09-01T21:37:34.151689,243164.47,5373951.0,22.1,125.0,107.72,769.379,-50.825,-8.247,-6.986,-2.429,-2.13,-1.074,-1.133,-0.599,-0.606,-0.298,-0.531,-0.541
2026-09-01T21:37:34.351589,31859.82,720897.0,22.63,125.0,90.06,717.686,-51.472,-9.066,-7.933,-3.407,-2.97,-1.758,-1.786,-1.342,-1.318,-0.902,-0.887,-0.725
2026-09-01T21:37:34.551572,188253.11,4194304.0,22.28,125.0,105.49,770.647,-52.241,-9.725,-8.479,-3.869,-3.351,-2.064,-2.032,-1.549,-1.467,-0.998,-0.964,-0.881
2026-09-01T21:37:34.750005,362.12,8193.0,22.62,125.0,51.18,368.941,-52.671,-10.155,-8.91,-4.279,-3.748,-2.457,-2.416,-1.908,-1.823,-1.352,-1.28,-1.066
2026-09-01T21:37:34.950100,190397.23,4194304.0,22.03,125.0,105.59,777.5,-52.251,-9.764,-8.55,-3.948,-3.444,-2.171,-2.148,-1.656,-1.587,-1.125,-1.074,-0.887
2026-09-01T21:37:35.151521,0.91,1.0,1.1,93.7,0.0,67.818,-12.202,1.028,-0.026,1.699,1.36,1.725,1.152,0.961,0.71,0.655,0.071,-0.455
2026-09-01T21:37:35.351519,2.3,48.0,20.84,125.0,7.24,190.16,-48.913,-6.731,-5.827,-1.515,-1.274,-0.247,-0.455,-0.185,-0.33,-0.072,-0.201,-0.158
2026-09-01T21:37:35.551557,10046.57,227328.0,22.63,93.7,80.04,658.954,-51.565,-9.148,-8.005,-3.469,-3.023,-1.804,-1.826,-1.375,-1.346,-0.927,-0.911,-0.746
2026-09-01T21:37:35.751693,463409.72,8388608.0,18.1,125.0,113.32,822.784,-51.33,-8.938,-7.819,-3.304,-2.866,-1.647,-1.679,-1.258,-1.277,-0.89,-0.883,-0.713
2026-09-01T21:37:35.951631,66.47,1504.0,22.63,125.0,36.45,267.567,-52.042,-9.606,-8.455,-3.916,-3.458,-2.212,-2.218,-1.77,-1.739,-1.316,-1.305,-1.131
2026-09-01T21:37:36.151598,16907.61,328191.0,19.41,125.0,84.56,671.249,-51.842,-9.396,-8.227,-3.668,-3.205,-1.961,-1.955,-1.482,-1.44,-1.007,-0.997,-0.836
2026-09-01T21:37:36.351502,2896.35,65537.0,22.63,93.7,69.24,496.646,-52.76,-10.235,-8.982,-4.344,-3.808,-2.507,-2.456,-1.939,-1.852,-1.378,-1.313,-1.104
2026-09-01T21:37:36.551479,5860.46,132607.0,22.63,125.0,75.36,537.044,-50.202,-7.965,-6.998,-2.616,-2.301,-1.191,-1.304,-0.931,-0.969,-0.607,-0.639,-0.517
2026-09-01T21:37:36.751535,121735.55,2754561.0,22.63,125.0,101.71,701.314,-52.73,-10.207,-8.956,-4.32,-3.785,-2.487,-2.437,-1.922,-1.836,-1.364,-1.3,-1.093
2026-09-01T21:37:36.950940,370791.41,8388608.0,22.62,125.0,111.38,827.59,-52.087,-9.612,-8.414,-3.827,-3.337,-2.075,-2.066,-1.584,-1.523,-1.09,-1.072,-0.905
2026-09-01T21:37:37.150301,4282.19,96895.0,22.63,125.0,72.63,603.507,-51.203,-8.827,-7.726,-3.227,-2.814,-1.623,-1.668,-1.238,-1.228,-0.824,-0.822,-0.67
2026-09-01T21:37:37.349416,46340.91,1048575.0,22.63,125.0,93.32,735.733,-51.788,-9.347,-8.18,-3.623,-3.158,-1.923,-1.93,-1.466,-1.426,-0.997,-0.972,-0.8
2026-09-01T21:37:37.549840,356.38,8064.0,22.63,125.0,51.04,367.608,-52.697,-10.18,-8.935,-4.304,-3.775,-2.482,-2.438,-1.93,-1.851,-1.385,-1.327,-1.123
2026-09-01T21:37:37.750108,463409.47,8388608.0,18.1,125.0,113.32,844.295,-52.485,-9.559,-7.882,-3.042,-2.56,-1.436,-1.321,-0.663,-0.603,-0.359,-0.425,-0.8
2026-09-01T21:37:37.951392,11585.36,262145.0,22.63,125.0,81.28,648.037,-51.07,-8.711,-7.625,-3.141,-2.739,-1.558,-1.612,-1.189,-1.184,-0.788,-0.794,-0.648
2026-09-01T21:37:38.151292,1.33,22.0,16.54,125.0,2.48,105.646,-33.483,2.686,0.005,2.412,1.62,2.026,1.526,1.634,1.266,1.118,0.533,0.004
2026-09-01T21:37:38.349891,173779.66,3932161.0,22.63,125.0,104.8,756.526,-52.473,-9.971,-8.74,-4.123,-3.606,-2.324,-2.289,-1.787,-1.714,-1.253,-1.199,-1.001
2026-09-01T21:37:38.551000,5554.99,125695.0,22.63,125.0,74.89,626.681,-51.74,-9.304,-8.142,-3.589,-3.129,-1.896,-1.907,-1.446,-1.408,-0.981,-0.958,-0.788
2026-09-01T21:37:38.749903,103462.73,2097153.0,20.27,125.0,100.3,756.376,-51.081,-8.72,-7.631,-3.142,-2.737,-1.555,-1.607,-1.18,-1.172,-0.772,-0.776,-0.629
2026-09-01T21:37:38.950756,11585.24,262144.0,22.63,125.0,81.28,657.302,-51.943,-9.487,-8.304,-3.732,-3.255,-2.008,-2.006,-1.533,-1.486,-1.05,-1.018,-0.841
2026-09-01T21:37:39.151496,249069.2,5242880.0,21.05,125.0,107.93,759.557,-51.414,-9.019,-7.9,-3.389,-2.968,-1.778,-1.816,-1.38,-1.385,-1.02,-1.037,-0.868
2026-09-01T21:37:39.350338,724.08,16384.0,22.63,93.7,57.2,426.25,-50.186,-7.95,-6.984,-2.604,-2.289,-1.18,-1.294,-0.922,-0.961,-0.599,-0.633,-0.511
2026-09-01T21:37:39.551342,139034.98,3145729.0,22.63,125.0,102.86,751.888,-52.406,-9.909,-8.684,-4.073,-3.561,-2.283,-2.251,-1.753,-1.682,-1.224,-1.175,-0.981
2026-09-01T21:37:39.751332,170882.28,3866624.0,22.63,125.0,104.65,797.247,-51.942,-9.486,-8.304,-3.732,-3.255,-2.008,-2.005,-1.533,-1.486,-1.049,-1.018,-0.84
2026-09-01T21:37:39.951049,353349.78,7995393.0,22.63,125.0,110.96,811.151,-50.851,-8.52,-7.463,-3.003,-2.624,-1.46,-1.53,-1.12,-1.127,-0.739,-0.749,-0.608
2026-09-01T21:37:40.151281,2.08,39.0,18.73,93.7,6.37,166.806,-46.332,-4.632,-4.143,-0.162,-0.191,0.585,0.11,0.092,-0.341,-0.42,-0.909,-1.16
2026-09-01T21:37:40.350200,92681.9,2097152.0,22.63,125.0,99.34,759.505,-51.131,-8.764,-7.672,-3.181,-2.775,-1.589,-1.639,-1.213,-1.207,-0.806,-0.806,-0.657
2026-09-01T21:37:40.550128,370773.53,8388608.0,22.62,93.7,111.38,740.646,-50.246,-8.002,-7.028,-2.64,-2.319,-1.209,-1.324,-0.952,-0.989,-0.625,-0.648,-0.52
2026-09-01T21:37:40.751242,196269.28,4440575.0,22.62,125.0,105.86,780.596,-50.837,-8.506,-7.446,-2.987,-2.606,-1.444,-1.513,-1.101,-1.103,-0.724,-0.749,-0.615
2026-09-01T21:37:40.951003,0.92,1.0,1.09,125.0,0.0,68.427,-12.166,1.112,0.14,1.815,1.455,1.669,1.169,1.072,0.894,0.817,0.224,-0.169
2026-09-01T21:37:41.151257,6517.0,131072.0,20.11,125.0,76.28,616.587,-51.17,-8.799,-7.703,-3.209,-2.803,-1.621,-1.671,-1.237,-1.215,-0.804,-0.803,-0.657
2026-09-01T21:37:41.351409,231709.3,5242880.0,22.63,125.0,107.3,696.965,-50.76,-8.442,-7.396,-2.947,-2.573,-1.413,-1.48,-1.068,-1.069,-0.682,-0.705,-0.585
2026-09-01T21:37:41.551245,5.77,129.0,22.36,125.0,15.22,214.298,-50.888,-8.493,-7.382,-2.889,-2.498,-1.349,-1.464,-1.129,-1.232,-0.946,-1.053,-0.981
2026-09-01T21:37:41.751172,80463.05,1820671.0,22.63,125.0,98.11,635.9,-51.754,-9.316,-8.153,-3.598,-3.137,-1.904,-1.913,-1.451,-1.414,-0.986,-0.962,-0.791
2026-09-01T21:37:41.949160,49246.08,1114311.0,22.63,125.0,93.85,686.995,-50.558,-8.268,-7.25,-2.824,-2.473,-1.334,-1.423,-1.029,-1.051,-0.675,-0.695,-0.564
2026-09-01T21:37:42.351385,370727.59,8388608.0,22.63,125.0,111.38,845.328,-51.731,-9.296,-8.135,-3.583,-3.123,-1.892,-1.902,-1.442,-1.405,-0.978,-0.956,-0.786
2026-09-01T21:37:42.550003,394581.59,8355839.0,21.18,125.0,111.92,789.08,-50.856,-8.524,-7.473,-3.025,-2.661,-1.498,-1.58,-1.188,-1.218,-0.841,-0.841,-0.7
2026-09-01T21:37:42.750968,0.92,1.0,1.09,125.0,0.0,68.461,-12.201,1.071,0.094,1.763,1.399,1.609,1.105,1.005,0.824,0.742,0.146,-0.25
2026-09-01T21:37:42.951161,220119.52,4980736.0,22.63,125.0,106.85,771.68,-52.444,-9.943,-8.715,-4.1,-3.585,-2.304,-2.271,-1.771,-1.699,-1.24,-1.188,-0.992
2026-09-01T21:37:43.151204,90127.67,1543297.0,17.12,93.7,99.1,751.501,-51.636,-9.21,-8.057,-3.513,-3.059,-1.837,-1.86,-1.408,-1.377,-0.956,-0.929,-0.757
2026-09-01T21:37:43.351014,1.09,14.0,12.86,125.0,0.74,133.342,-42.222,-1.496,-1.805,1.62,1.238,1.82,1.258,1.216,0.776,0.726,0.264,-0.047
2026-09-01T21:37:43.551128,196943.38,4456320.0,22.63,93.7,105.89,813.738,-51.574,-9.156,-8.012,-3.475,-3.029,-1.809,-1.83,-1.378,-1.349,-0.93,-0.913,-0.749
2026-09-01T21:37:43.749632,112956.07,2555904.0,22.63,125.0,101.06,749.581,-50.818,-8.492,-7.439,-2.983,-2.607,-1.446,-1.517,-1.109,-1.118,-0.731,-0.743,-0.603
2026-09-01T21:37:43.951063,11323.76,196608.0,17.36,125.0,81.08,564.229,-52.777,-9.941,-8.453,-3.716,-3.192,-1.885,-1.963,-1.489,-1.368,-1.042,-1.249,-1.291
2026-09-01T21:37:44.149034,185364.2,4194305.0,22.63,125.0,105.36,726.804,-50.255,-8.009,-7.035,-2.647,-2.327,-1.212,-1.322,-0.946,-0.981,-0.616,-0.647,-0.523
2026-09-01T21:37:44.349658,10861.16,245760.0,22.63,93.7,80.72,663.056,-51.575,-9.156,-8.012,-3.475,-3.029,-1.809,-1.83,-1.378,-1.35,-0.93,-0.913,-0.749
2026-09-01T21:37:44.551049,46352.31,1048543.0,22.62,125.0,93.32,732.076,-51.887,-9.436,-8.26,-3.693,-3.22,-1.977,-1.978,-1.508,-1.464,-1.03,-1.001,-0.826
2026-09-01T21:37:44.749575,354613.09,6840320.0,19.29,125.0,111.0,810.565,-51.514,-9.102,-7.964,-3.434,-2.995,-1.781,-1.807,-1.358,-1.323,-0.903,-0.896,-0.736
2026-09-01T21:37:44.951040,237497.33,5373951.0,22.63,125.0,107.51,819.254,-51.832,-9.387,-8.215,-3.653,-3.185,-1.947,-1.951,-1.485,-1.443,-1.012,-0.985,-0.811
2026-09-01T21:37:45.150967,362.44,8192.0,22.6,125.0,51.18,474.446,-51.188,-8.814,-7.713,-3.216,-2.804,-1.613,-1.659,-1.229,-1.22,-0.817,-0.815,-0.663
2026-09-01T21:37:45.351008,370524.44,8384011.0,22.63,125.0,111.38,840.399,-51.881,-9.431,-8.255,-3.688,-3.216,-1.974,-1.975,-1.506,-1.462,-1.028,-0.999,-0.824
2026-09-01T21:37:45.550981,65896.0,1245184.0,18.9,125.0,96.38,667.848,-53.128,-10.072,-8.388,-3.531,-2.963,-1.628,-1.706,-1.207,-1.043,-0.744,-1.033,-1.184
2026-09-01T21:37:45.751155,265354.03,4272303.0,16.1,125.0,108.48,793.808,-52.031,-9.569,-8.382,-3.808,-3.329,-2.084,-2.08,-1.607,-1.568,-1.145,-1.118,-0.933
2026-09-01T21:37:45.950904,301216.19,6815744.0,22.63,125.0,109.58,732.962,-52.756,-10.231,-8.978,-4.34,-3.804,-2.504,-2.453,-1.936,-1.849,-1.376,-1.311,-1.102
2026-09-01T21:37:46.151010,1448.15,32768.0,22.63,125.0,63.22,488.674,-50.38,-8.115,-7.122,-2.718,-2.385,-1.26,-1.361,-0.978,-1.008,-0.639,-0.666,-0.538
2026-09-01T21:37:46.350964,370727.56,8388607.0,22.63,125.0,111.38,784.218,-52.575,-10.064,-8.825,-4.201,-3.676,-2.387,-2.346,-1.839,-1.76,-1.296,-1.238,-1.037
2026-09-01T21:37:46.550970,310864.59,6291457.0,20.24,125.0,109.85,726.472,-51.532,-8.574,-6.926,-2.242,-1.865,-0.83,-0.956,-0.517,-0.422,-0.281,-0.719,-0.895
2026-09-01T21:37:46.751085,353.55,8000.0,22.63,125.0,50.97,479.543,-51.335,-8.944,-7.828,-3.315,-2.891,-1.689,-1.726,-1.289,-1.272,-0.863,-0.856,-0.699
2026-09-01T21:37:46.950923,23167.65,524224.0,22.63,93.7,87.3,609.549,-50.207,-7.969,-7.002,-2.62,-2.305,-1.194,-1.307,-0.934,-0.972,-0.61,-0.642,-0.519
2026-09-01T21:37:47.150883,89.81,2032.0,22.63,125.0,39.07,325.194,-52.807,-10.289,-9.041,-4.409,-3.879,-2.584,-2.54,-2.031,-1.951,-1.485,-1.426,-1.219
2026-09-01T21:37:47.350963,174501.22,3948512.0,22.63,125.0,104.84,724.652,-50.262,-8.015,-7.04,-2.651,-2.33,-1.215,-1.325,-0.948,-0.984,-0.619,-0.65,-0.525
2026-09-01T21:37:47.551050,185363.83,4194304.0,22.63,125.0,105.36,799.135,-51.197,-8.823,-7.722,-3.224,-2.811,-1.62,-1.666,-1.236,-1.227,-0.823,-0.821,-0.669
2026-09-01T21:37:47.750862,301216.34,6815744.0,22.63,93.7,109.58,829.409,-51.887,-9.437,-8.26,-3.693,-3.22,-1.978,-1.979,-1.509,-1.465,-1.031,-1.001,-0.824
2026-09-01T21:37:47.950851,188901.73,4194304.0,22.2,125.0,105.52,795.161,-51.129,-8.763,-7.671,-3.18,-2.775,-1.593,-1.648,-1.223,-1.214,-0.809,-0.807,-0.655
2026-09-01T21:37:48.150957,145720.56,3297280.0,22.63,93.7,103.27,689.663,-50.25,-8.005,-7.032,-2.645,-2.325,-1.211,-1.321,-0.945,-0.981,-0.617,-0.648,-0.524
2026-09-01T21:37:48.350012,11585.24,262144.0,22.63,125.0,81.28,593.488,-52.653,-10.135,-8.89,-4.26,-3.73,-2.436,-2.391,-1.88,-1.797,-1.329,-1.268,-1.064
2026-09-01T21:37:48.550061,63719.29,1441792.0,22.63,125.0,96.09,635.25,-50.494,-8.213,-7.204,-2.787,-2.444,-1.313,-1.411,-1.027,-1.055,-0.683,-0.698,-0.555
2026-09-01T21:37:48.749222,110059.95,2490367.0,22.63,125.0,100.83,754.378,-52.236,-9.753,-8.543,-3.945,-3.445,-2.178,-2.157,-1.668,-1.606,-1.156,-1.114,-0.926
2026-09-01T21:37:48.950688,204325.44,4623357.0,22.63,125.0,106.21,814.325,-51.468,-9.062,-7.929,-3.403,-2.966,-1.754,-1.782,-1.337,-1.313,-0.898,-0.886,-0.725
2026-09-01T21:37:49.149739,90.82,2055.0,22.63,125.0,39.16,391.016,-52.12,-9.644,-8.442,-3.852,-3.359,-2.098,-2.083,-1.599,-1.542,-1.097,-1.059,-0.875
2026-09-01T21:37:49.350826,370734.0,8372353.0,22.58,125.0,111.38,728.171,-51.842,-9.397,-8.227,-3.668,-3.212,-1.991,-2.0,-1.519,-1.444,-0.992,-0.967,-0.808
2026-09-01T21:37:49.550687,123909.98,2802949.0,22.62,125.0,101.86,730.27,-50.497,-8.213,-7.203,-2.784,-2.437,-1.299,-1.394,-1.003,-1.022,-0.649,-0.678,-0.554
2026-09-01T21:37:49.750657,0.92,2.0,2.17,125.0,0.0,68.721,-12.349,1.133,0.07,1.777,1.398,1.615,1.109,1.009,0.826,0.747,0.156,-0.235
2026-09-01T21:37:49.950722,0.9,2.0,2.23,125.0,0.0,65.889,-17.186,3.897,0.123,2.446,1.774,2.163,1.643,1.703,1.424,1.382,0.829,0.476
2026-09-01T21:37:50.150677,246184.88,5570528.0,22.63,93.7,107.83,825.301,-51.636,-9.211,-8.06,-3.517,-3.066,-1.841,-1.858,-1.403,-1.371,-0.949,-0.929,-0.763
2026-09-01T21:37:50.550703,678.91,15360.0,22.62,125.0,56.64,476.444,-52.395,-9.9,-8.677,-4.067,-3.557,-2.281,-2.251,-1.754,-1.684,-1.226,-1.177,-0.983
2026-09-01T21:37:50.749719,102972.13,2097151.0,20.37,93.7,100.25,775.044,-51.875,-9.091,-7.582,-2.872,-2.294,-1.045,-1.134,-0.829,-0.826,-0.482,-0.76,-1.146
2026-09-01T21:37:50.950787,207202.53,4194303.0,20.24,125.0,106.33,800.204,-51.906,-9.454,-8.276,-3.707,-3.237,-1.996,-1.992,-1.513,-1.475,-1.042,-0.993,-0.809
2026-09-01T21:37:51.150920,179706.91,4066303.0,22.63,125.0,105.09,721.566,-52.729,-10.207,-8.956,-4.32,-3.785,-2.487,-2.437,-1.922,-1.836,-1.364,-1.3,-1.093
2026-09-01T21:37:51.350768,62798.71,1050678.0,16.73,125.0,95.96,725.133,-52.106,-9.595,-8.38,-3.792,-3.342,-2.108,-2.116,-1.659,-1.654,-1.153,-1.007,-0.767
2026-09-01T21:37:51.550637,45.13,1021.0,22.62,125.0,33.09,254.527,-52.336,-9.858,-8.655,-4.07,-3.59,-2.352,-2.37,-1.927,-1.906,-1.482,-1.446,-1.258
2026-09-01T21:37:51.750692,159297.02,3604480.0,22.63,125.0,104.04,780.708,-52.146,-9.671,-8.469,-3.879,-3.386,-2.125,-2.11,-1.626,-1.568,-1.123,-1.083,-0.898
2026-09-01T21:37:51.950841,5792.71,131073.0,22.63,125.0,75.26,544.978,-52.72,-10.198,-8.948,-4.312,-3.778,-2.48,-2.431,-1.917,-1.831,-1.359,-1.297,-1.09
2026-09-01T21:37:52.150706,38468.83,690177.0,17.94,125.0,91.7,719.883,-52.384,-9.565,-8.022,-3.141,-2.496,-1.138,-1.169,-0.87,-1.05,-0.595,-0.912,-1.51
2026-09-01T21:37:52.350770,297296.94,5242880.0,17.64,125.0,109.46,799.052,-51.211,-8.835,-7.736,-3.239,-2.829,-1.641,-1.692,-1.263,-1.259,-0.873,-0.887,-0.722
2026-09-01T21:37:52.550737,0.9,1.0,1.11,125.0,0.0,64.644,-11.666,1.371,0.172,1.922,1.712,2.13,1.693,1.491,0.903,0.9,0.351,-0.551
2026-09-01T21:37:52.750718,97245.15,1966079.0,20.22,125.0,99.76,755.913,-51.122,-8.74,-7.643,-3.148,-2.744,-1.553,-1.614,-1.177,-1.142,-0.757,-0.805,-0.698
2026-09-01T21:37:52.949315,4685.5,81920.0,17.48,125.0,73.42,589.06,-52.028,-9.566,-8.377,-3.804,-3.326,-2.082,-2.077,-1.601,-1.55,-1.12,-1.095,-0.919
2026-09-01T21:37:53.148576,57926.52,1310721.0,22.63,125.0,95.26,728.858,-51.027,-8.674,-7.594,-3.115,-2.718,-1.54,-1.598,-1.178,-1.176,-0.78,-0.785,-0.638
2026-09-01T21:37:53.350456,799.82,17023.0,21.28,125.0,58.06,471.359,-51.628,-9.202,-8.051,-3.511,-3.064,-1.843,-1.861,-1.405,-1.356,-0.924,-0.915,-0.751
2026-09-01T21:37:53.550751,2896.35,65537.0,22.63,125.0,69.24,567.595,-50.943,-8.6,-7.531,-3.062,-2.673,-1.502,-1.565,-1.15,-1.153,-0.761,-0.768,-0.624
2026-09-01T21:37:53.748680,90.51,2048.0,22.63,125.0,39.13,330.24,-50.325,-8.079,-7.103,-2.713,-2.391,-1.275,-1.383,-1.005,-1.038,-0.67,-0.696,-0.567
2026-09-01T21:37:53.950656,188282.34,4259839.0,22.62,125.0,105.5,759.238,-52.485,-9.981,-8.749,-4.131,-3.612,-2.328,-2.292,-1.79,-1.718,-1.258,-1.204,-1.005
2026-09-01T21:37:54.150565,121871.93,2757647.0,22.63,93.7,101.72,788.678,-51.645,-9.22,-8.068,-3.524,-3.071,-1.846,-1.862,-1.407,-1.374,-0.951,-0.932,-0.765
2026-09-01T21:37:54.350543,16646.19,262400.0,15.76,125.0,84.43,664.275,-51.399,-8.95,-7.776,-3.241,-2.783,-1.575,-1.642,-1.239,-1.219,-0.834,-0.924,-0.918
2026-09-01T21:37:54.550444,301216.19,6815744.0,22.63,93.7,109.58,727.422,-50.25,-8.005,-7.032,-2.645,-2.325,-1.211,-1.321,-0.945,-0.981,-0.617,-0.648,-0.524
2026-09-01T21:37:54.750605,28963.2,655359.0,22.63,125.0,89.24,680.52,-50.842,-8.512,-7.456,-2.998,-2.618,-1.455,-1.525,-1.116,-1.123,-0.735,-0.747,-0.607
2026-09-01T21:37:54.950460,426691.38,7323583.0,17.16,93.7,112.6,849.633,-53.393,-10.486,-8.862,-4.119,-3.668,-2.559,-2.485,-1.999,-1.94,-1.12,-0.509,0.094
2026-09-01T21:37:55.150444,226.54,4096.0,18.08,125.0,47.1,438.752,-51.451,-8.769,-7.364,-2.729,-2.205,-0.989,-1.091,-0.788,-0.798,-0.467,-0.738,-1.085
2026-09-01T21:37:55.350467,455.34,10303.0,22.63,93.7,53.17,498.155,-51.581,-9.161,-8.016,-3.478,-3.031,-1.811,-1.831,-1.378,-1.349,-0.929,-0.912,-0.747
2026-09-01T21:37:55.550437,81096.7,1835009.0,22.63,125.0,98.18,719.549,-50.644,-8.342,-7.312,-2.877,-2.517,-1.371,-1.454,-1.056,-1.073,-0.693,-0.711,-0.576
2026-09-01T21:37:55.750686,128631.84,2883584.0,22.42,125.0,102.19,789.016,-51.763,-9.325,-8.161,-3.605,-3.143,-1.909,-1.918,-1.456,-1.417,-0.989,-0.965,-0.793
2026-09-01T21:37:55.950570,76566.26,1378271.0,18.0,125.0,97.68,728.352,-51.337,-8.94,-7.823,-3.311,-2.896,-1.705,-1.75,-1.293,-1.234,-0.816,-0.833,-0.71
2026-09-01T21:37:56.150401,274790.66,6217745.0,22.63,125.0,108.78,829.829,-51.475,-9.068,-7.935,-3.408,-2.971,-1.759,-1.786,-1.341,-1.318,-0.901,-0.886,-0.724
2026-09-01T21:37:56.350442,69067.06,1137663.0,16.47,125.0,96.79,724.464,-51.563,-9.129,-7.972,-3.437,-2.986,-1.77,-1.791,-1.335,-1.27,-0.85,-0.896,-0.832
2026-09-01T21:37:56.550551,104627.92,2367456.0,22.63,93.7,100.39,683.724,-12.967,-0.167,-1.607,-0.066,-0.362,0.037,-0.294,-0.251,-0.439,-0.262,-0.355,-0.337
2026-09-01T21:37:56.750620,222415.83,4571136.0,20.55,125.0,106.94,779.005,-51.913,-9.458,-8.274,-3.701,-3.213,-1.95,-1.944,-1.488,-1.474,-1.06,-1.031,-0.842
2026-09-01T21:37:56.950363,81556.8,1802239.0,22.1,125.0,98.23,765.345,-51.469,-9.062,-7.93,-3.404,-2.967,-1.756,-1.783,-1.337,-1.313,-0.898,-0.886,-0.725
2026-09-01T21:37:57.148968,271.53,6144.0,22.63,125.0,48.68,439.336,-50.876,-8.543,-7.483,-3.022,-2.64,-1.475,-1.543,-1.132,-1.138,-0.748,-0.757,-0.615
2026-09-01T21:37:57.350244,367279.47,8310585.0,22.63,93.7,111.3,843.489,-51.413,-9.013,-7.887,-3.366,-2.934,-1.726,-1.758,-1.315,-1.295,-0.882,-0.872,-0.714
2026-09-01T21:37:57.548872,8284.37,133375.0,16.1,125.0,78.37,628.406,-52.71,-9.638,-7.944,-3.098,-2.557,-1.248,-1.358,-0.886,-0.745,-0.48,-0.813,-1.014
2026-09-01T21:37:57.748867,375913.44,8388607.0,22.32,93.7,111.5,846.702,-51.602,-9.181,-8.033,-3.493,-3.044,-1.823,-1.843,-1.39,-1.36,-0.939,-0.92,-0.754
2026-09-01T21:37:57.950038,132926.55,2171904.0,16.34,125.0,102.47,759.033,-51.582,-9.163,-8.019,-3.488,-3.052,-1.838,-1.862,-1.409,-1.351,-0.906,-0.895,-0.731
2026-09-01T21:37:58.150328,353349.75,7995392.0,22.63,125.0,110.96,843.947,-51.546,-9.131,-7.99,-3.455,-3.012,-1.794,-1.817,-1.367,-1.34,-0.921,-0.906,-0.742
2026-09-01T21:37:58.350184,377117.19,8362946.0,22.18,125.0,111.53,772.013,-51.18,-8.669,-7.429,-2.936,-2.628,-1.609,-1.668,-1.305,-1.375,-0.783,-0.444,-0.058
2026-09-01T21:37:58.550574,56.87,1024.0,18.01,125.0,35.1,384.471,-52.768,-9.964,-8.44,-3.758,-3.336,-2.244,-2.202,-1.748,-1.724,-0.968,-0.432,0.11
2026-09-01T21:37:58.950118,23170.47,524288.0,22.63,125.0,87.3,676.816,-52.194,-9.715,-8.508,-3.914,-3.417,-2.153,-2.135,-1.648,-1.588,-1.141,-1.099,-0.912
2026-09-01T21:37:59.150213,379895.41,8368192.0,22.03,125.0,111.59,773.642,-51.614,-9.191,-8.039,-3.495,-3.036,-1.799,-1.813,-1.37,-1.366,-0.961,-0.943,-0.767
2026-09-01T21:37:59.350465,185735.28,4194303.0,22.58,125.0,105.38,709.904,-50.386,-8.114,-7.101,-2.703,-2.394,-1.321,-1.414,-1.05,-1.111,-0.674,-0.578,-0.364
2026-09-01T21:37:59.549855,0.95,7.0,7.39,125.0,0.0,85.047,-24.018,3.961,-0.377,1.927,1.269,1.763,1.174,1.131,0.772,0.7,0.08,-0.418
2026-09-01T21:37:59.750443,34741.12,585728.0,16.86,125.0,90.82,711.889,-53.751,-10.794,-9.12,-4.341,-3.867,-2.74,-2.641,-2.131,-2.046,-1.19,-0.537,0.1
2026-09-01T21:37:59.950295,542.79,12282.0,22.63,125.0,54.69,388.601,-52.672,-10.156,-8.912,-4.282,-3.754,-2.461,-2.418,-1.909,-1.829,-1.363,-1.304,-1.099
2026-09-01T21:38:00.150080,393600.5,6307839.0,16.03,125.0,111.9,820.005,-51.982,-9.524,-8.34,-3.767,-3.291,-2.046,-2.046,-1.574,-1.531,-1.107,-1.087,-0.9
2026-09-01T21:38:00.350312,370727.59,8388608.0,22.63,125.0,111.38,739.635,-52.747,-10.223,-8.971,-4.334,-3.798,-2.498,-2.448,-1.932,-1.845,-1.372,-1.307,-1.099
2026-09-01T21:38:00.550172,370764.97,8388608.0,22.63,125.0,111.38,780.543,-50.42,-8.149,-7.15,-2.741,-2.404,-1.275,-1.374,-0.988,-1.015,-0.647,-0.676,-0.551
2026-09-01T21:38:00.749340,5.6,125.0,22.33,125.0,14.96,246.499,-50.419,-8.073,-7.0,-2.526,-2.133,-0.956,-1.009,-0.576,-0.559,-0.16,-0.174,-0.058
2026-09-01T21:38:00.950210,3187.47,70525.0,22.13,125.0,70.07,586.86,-51.974,-9.515,-8.33,-3.756,-3.278,-2.031,-2.027,-1.551,-1.498,-1.058,-1.026,-0.849
2026-09-01T21:38:01.150419,463988.41,8388608.0,18.08,125.0,113.33,803.691,-52.043,-9.522,-8.259,-3.679,-3.243,-2.096,-2.109,-1.714,-1.788,-1.303,-1.087,-0.745
2026-09-01T21:38:01.350302,139203.94,3149824.0,22.63,125.0,102.87,705.873,-50.219,-7.979,-7.01,-2.627,-2.31,-1.198,-1.311,-0.937,-0.975,-0.612,-0.644,-0.52
2026-09-01T21:38:01.550053,371450.94,8388607.0,22.58,125.0,111.4,799.284,-52.403,-9.904,-8.678,-4.065,-3.551,-2.272,-2.247,-1.751,-1.679,-1.221,-1.172,-0.975
2026-09-01T21:38:01.747825,2438.3,55167.0,22.63,93.7,67.74,585.418,-51.608,-9.184,-8.035,-3.494,-3.043,-1.819,-1.836,-1.384,-1.352,-0.934,-0.926,-0.775
2026-09-01T21:38:01.947895,377270.19,8388608.0,22.24,125.0,111.53,778.351,-52.101,-9.629,-8.434,-3.854,-3.375,-2.134,-2.128,-1.636,-1.551,-1.098,-1.085,-0.941
2026-09-01T21:38:02.150249,300167.22,6791296.0,22.63,93.7,109.55,720.813,-50.378,-8.113,-7.12,-2.716,-2.381,-1.256,-1.364,-0.984,-1.014,-0.645,-0.674,-0.546
2026-09-01T21:38:02.350070,100.49,2046.0,20.36,125.0,40.04,401.815,-51.214,-8.678,-7.445,-2.874,-2.507,-1.382,-1.412,-0.888,-0.882,-0.54,-0.701,-0.654
2026-09-01T21:38:02.549550,370727.59,8388608.0,22.63,93.7,111.38,842.41,-51.832,-9.387,-8.215,-3.653,-3.185,-1.947,-1.951,-1.485,-1.443,-1.012,-0.985,-0.811
2026-09-01T21:38:02.749513,33.91,767.0,22.62,125.0,30.61,316.522,-50.553,-8.245,-7.209,-2.768,-2.403,-1.251,-1.328,-0.921,-0.93,-0.544,-0.559,-0.426
2026-09-01T21:38:02.950106,45616.87,1032192.0,22.63,125.0,93.18,735.462,-51.769,-9.33,-8.165,-3.609,-3.146,-1.912,-1.921,-1.458,-1.419,-0.991,-0.966,-0.795
2026-09-01T21:38:03.149609,2777.52,62848.0,22.63,125.0,68.87,545.691,-52.432,-9.933,-8.706,-4.092,-3.578,-2.298,-2.266,-1.767,-1.695,-1.237,-1.186,-0.99
2026-09-01T21:38:03.350163,398273.53,6389760.0,16.04,125.0,112.0,719.789,-54.321,-10.214,-8.423,-4.122,-4.312,-3.649,-4.665,-5.51,-6.105,-4.773,-3.327,-0.781
2026-09-01T21:38:03.550053,0.9,1.0,1.11,125.0,0.0,56.836,-11.117,1.839,0.597,2.193,1.928,2.288,1.823,1.611,1.256,1.256,0.775,0.122
2026-09-01T21:38:03.748526,2812.88,63615.0,22.62,93.7,68.98,589.832,-51.403,-9.004,-7.879,-3.359,-2.928,-1.721,-1.753,-1.312,-1.291,-0.879,-0.869,-0.71
2026-09-01T21:38:03.950095,34579.02,782336.0,22.62,125.0,90.78,695.057,-50.915,-8.574,-7.508,-3.041,-2.654,-1.484,-1.548,-1.136,-1.14,-0.751,-0.765,-0.632
2026-09-01T21:38:04.149932,8507.91,192512.0,22.63,93.7,78.6,650.376,-51.579,-9.161,-8.016,-3.478,-3.032,-1.812,-1.832,-1.38,-1.351,-0.931,-0.914,-0.75
2026-09-01T21:38:04.350181,34904.16,789791.0,22.63,125.0,90.86,710.824,-52.011,-9.548,-8.359,-3.781,-3.298,-2.047,-2.04,-1.564,-1.513,-1.073,-1.039,-0.859
2026-09-01T21:38:04.550114,738.07,16575.0,22.46,125.0,57.36,514.983,-51.245,-8.806,-7.667,-3.147,-2.728,-1.511,-1.579,-1.136,-1.091,-0.739,-0.842,-0.776
2026-09-01T21:38:04.750017,568.47,12863.0,22.63,125.0,55.09,500.817,-51.933,-9.477,-8.296,-3.724,-3.248,-2.001,-1.999,-1.527,-1.48,-1.044,-1.013,-0.836
2026-09-01T21:38:04.950133,115876.32,2621953.0,22.63,125.0,101.28,779.681,-51.304,-8.917,-7.803,-3.294,-2.871,-1.672,-1.711,-1.275,-1.26,-0.852,-0.845,-0.69
2026-09-01T21:38:05.150157,85716.14,1867327.0,21.79,125.0,98.66,762.787,-51.869,-9.42,-8.245,-3.679,-3.207,-1.964,-1.965,-1.498,-1.458,-1.027,-0.998,-0.822
2026-09-01T21:38:05.348709,92953.08,2099200.0,22.58,125.0,99.37,657.429,-51.983,-9.524,-8.341,-3.769,-3.302,-2.071,-2.071,-1.583,-1.501,-1.042,-1.011,-0.847
2026-09-01T21:38:05.550116,370728.31,8372224.0,22.58,125.0,111.38,782.802,-50.483,-8.204,-7.196,-2.779,-2.432,-1.293,-1.386,-1.002,-1.039,-0.673,-0.697,-0.563
2026-09-01T21:38:05.748377,49327.33,1116150.0,22.63,125.0,93.86,624.019,-52.661,-10.143,-8.897,-4.266,-3.736,-2.442,-2.396,-1.885,-1.802,-1.333,-1.272,-1.068
2026-09-01T21:38:05.950007,104611.05,2097153.0,20.05,125.0,100.39,773.388,-52.108,-9.344,-7.931,-3.252,-2.77,-1.493,-1.577,-1.102,-0.981,-0.67,-0.9,-0.965
2026-09-01T21:38:06.148924,242275.84,4489717.0,18.53,125.0,107.69,797.19,-51.55,-9.129,-7.985,-3.446,-2.996,-1.777,-1.82,-1.378,-1.35,-0.931,-0.921,-0.753
2026-09-01T21:38:06.350043,12284.09,262144.0,21.34,125.0,81.79,652.893,-52.001,-9.539,-8.35,-3.77,-3.287,-2.036,-2.029,-1.552,-1.504,-1.07,-1.039,-0.858
2026-09-01T21:38:06.547891,172.54,3904.0,22.63,125.0,44.74,357.145,-52.79,-10.269,-9.019,-4.384,-3.85,-2.553,-2.505,-1.992,-1.908,-1.438,-1.376,-1.168
2026-09-01T21:38:06.748847,24593.8,524287.0,21.32,125.0,87.82,587.52,-51.763,-8.758,-7.132,-2.364,-1.917,-0.711,-0.948,-0.596,-0.556,-0.391,-0.823,-1.116
2026-09-01T21:38:07.148379,11.35,256.0,22.55,125.0,21.1,254.127,-51.546,-9.081,-7.893,-3.322,-2.848,-1.61,-1.619,-1.162,-1.134,-0.73,-0.741,-0.604
2026-09-01T21:38:07.348444,46158.52,1044448.0,22.63,93.7,93.29,731.647,-51.891,-9.44,-8.263,-3.696,-3.223,-1.98,-1.98,-1.511,-1.466,-1.032,-1.002,-0.827
2026-09-01T21:38:07.549874,11767.05,266258.0,22.63,125.0,81.41,639.506,-50.927,-8.587,-7.52,-3.051,-2.664,-1.495,-1.559,-1.144,-1.148,-0.756,-0.764,-0.62
2026-09-01T21:38:07.748487,283841.97,6422527.0,22.63,93.7,109.06,832.766,-51.575,-9.157,-8.012,-3.475,-3.028,-1.808,-1.828,-1.376,-1.346,-0.928,-0.914,-0.751
2026-09-01T21:38:07.948276,8158.25,173567.0,21.28,125.0,78.23,613.126,-52.08,-9.611,-8.418,-3.836,-3.356,-2.111,-2.104,-1.614,-1.536,-1.081,-1.048,-0.877
2026-09-01T21:38:08.149632,0.91,1.0,1.1,93.7,0.0,67.727,-12.073,1.168,0.124,1.863,1.541,1.922,1.361,1.172,0.921,0.861,0.27,-0.257
2026-09-01T21:38:08.348000,185364.08,4194304.0,22.63,125.0,105.36,792.597,-51.08,-8.72,-7.634,-3.148,-2.747,-1.565,-1.619,-1.196,-1.192,-0.793,-0.796,-0.647
2026-09-01T21:38:08.547951,136403.61,3080193.0,22.58,93.7,102.7,794.424,-51.555,-9.139,-7.997,-3.462,-3.017,-1.798,-1.821,-1.371,-1.343,-0.924,-0.908,-0.744
2026-09-01T21:38:08.748355,1399.6,30591.0,21.86,125.0,62.92,507.232,-50.921,-8.491,-7.474,-2.993,-2.612,-1.439,-1.508,-1.097,-1.128,-0.76,-0.768,-0.63
2026-09-01T21:38:08.948496,395939.88,8388608.0,21.19,125.0,111.95,722.485,-51.608,-8.625,-7.374,-3.043,-2.994,-2.121,-2.709,-2.987,-3.41,-2.597,-1.831,-0.242
2026-09-01T21:38:09.148826,95536.66,2097152.0,21.95,125.0,99.6,722.897,-53.521,-10.772,-9.318,-4.524,-4.002,-2.756,-2.777,-2.271,-2.179,-1.507,-1.017,-0.287
2026-09-01T21:38:09.348428,0.96,6.0,6.27,125.0,0.0,70.976,-14.002,1.804,-0.267,1.82,1.324,1.743,1.118,0.953,0.665,0.657,0.118,-0.356
2026-09-01T21:38:09.549036,3232.89,73152.0,22.63,125.0,70.19,553.588,-52.43,-9.931,-8.704,-4.09,-3.576,-2.296,-2.264,-1.764,-1.693,-1.235,-1.184,-0.989
2026-09-01T21:38:09.749962,163797.11,3669183.0,22.4,93.7,104.29,717.411,-52.003,-9.54,-8.355,-3.789,-3.315,-2.063,-2.061,-1.589,-1.527,-1.065,-1.021,-0.847
2026-09-01T21:38:09.948274,321897.75,6291455.0,19.54,125.0,110.15,821.604,-51.867,-9.421,-8.246,-3.683,-3.217,-1.977,-1.965,-1.492,-1.45,-1.021,-0.991,-0.822
2026-09-01T21:38:10.148743,11.7,262.0,22.39,93.7,21.36,304.199,-51.23,-8.831,-7.708,-3.189,-2.758,-1.549,-1.58,-1.13,-1.1,-0.687,-0.686,-0.542
2026-09-01T21:38:10.349612,0.9,1.0,1.11,125.0,0.0,58.671,-11.333,1.77,0.582,2.221,1.862,2.234,1.712,1.567,1.334,1.3,0.763,0.29
2026-09-01T21:38:10.549852,179571.14,4063231.0,22.63,93.7,105.08,803.111,-51.32,-8.931,-7.815,-3.304,-2.88,-1.68,-1.718,-1.281,-1.265,-0.856,-0.849,-0.694
2026-09-01T21:38:10.748353,11.09,250.0,22.55,125.0,20.9,281.666,-52.276,-9.812,-8.626,-4.052,-3.576,-2.329,-2.34,-1.882,-1.847,-1.435,-1.432,-1.265
2026-09-01T21:38:10.949907,185930.83,4194304.0,22.56,125.0,105.39,810.024,-51.511,-9.1,-7.963,-3.431,-2.991,-1.776,-1.802,-1.354,-1.329,-0.912,-0.896,-0.733
2026-09-01T21:38:11.149816,175212.53,3964607.0,22.63,125.0,104.87,718.854,-50.223,-7.983,-7.013,-2.629,-2.312,-1.201,-1.312,-0.938,-0.975,-0.612,-0.644,-0.521
2026-09-01T21:38:11.349379,369825.34,8368128.0,22.63,125.0,111.36,726.18,-52.611,-10.098,-8.855,-4.227,-3.699,-2.406,-2.363,-1.855,-1.777,-1.312,-1.253,-1.049
2026-09-01T21:38:11.549737,112741.74,2325503.0,20.63,125.0,101.04,697.222,-51.403,-8.399,-6.777,-2.028,-1.611,-0.429,-0.674,-0.314,-0.26,-0.088,-0.526,-0.84
2026-09-01T21:38:11.748111,185363.8,4194303.0,22.63,125.0,105.36,751.451,-52.548,-10.039,-8.802,-4.179,-3.657,-2.37,-2.33,-1.825,-1.747,-1.284,-1.227,-1.027
2026-09-01T21:38:11.946949,28963.1,524288.0,18.1,125.0,89.24,678.196,-51.687,-9.255,-8.096,-3.545,-3.079,-1.836,-1.846,-1.4,-1.393,-0.987,-0.966,-0.786
2026-09-01T21:38:12.149579,278045.72,6291456.0,22.63,125.0,108.88,738.139,-52.748,-10.225,-8.972,-4.335,-3.799,-2.499,-2.449,-1.933,-1.845,-1.372,-1.308,-1.1
2026-09-01T21:38:12.349592,139068.81,3145728.0,22.62,125.0,102.86,716.009,-50.303,-8.051,-7.069,-2.675,-2.347,-1.225,-1.331,-0.955,-0.996,-0.635,-0.664,-0.536
2026-09-01T21:38:12.549561,46431.37,1048576.0,22.58,125.0,93.34,639.937,-52.537,-10.025,-8.781,-4.152,-3.62,-2.324,-2.274,-1.765,-1.674,-1.18,-1.094,-0.917
2026-09-01T21:38:12.749775,260349.88,5767168.0,22.15,93.7,108.31,821.081,-52.217,-9.697,-8.461,-3.835,-3.375,-2.155,-2.177,-1.697,-1.651,-1.133,-0.909,-0.476
2026-09-01T21:38:12.948168,133844.17,2179054.0,16.28,125.0,102.53,733.412,-53.575,-10.801,-9.297,-4.574,-4.072,-2.888,-2.8,-2.307,-2.263,-1.556,-1.097,-0.595
2026-09-01T21:38:13.149704,201184.09,4194304.0,20.85,93.7,106.07,810.798,-52.15,-9.323,-7.854,-3.149,-2.666,-1.393,-1.497,-1.032,-0.914,-0.624,-0.889,-0.996
2026-09-01T21:38:13.347948,95000.95,2097152.0,22.08,125.0,99.55,712.123,-52.041,-9.576,-8.387,-3.814,-3.341,-2.095,-2.091,-1.612,-1.531,-1.066,-1.036,-0.854
2026-09-01T21:38:13.549030,2958.53,66944.0,22.63,93.7,69.42,589.654,-51.872,-9.423,-8.248,-3.682,-3.211,-1.969,-1.971,-1.503,-1.459,-1.026,-0.997,-0.822
2026-09-01T21:38:13.748024,115852.42,2621441.0,22.63,125.0,101.28,757.044,-52.238,-9.754,-8.544,-3.946,-3.446,-2.179,-2.158,-1.669,-1.607,-1.157,-1.114,-0.926
2026-09-01T21:38:13.948023,540.19,12223.0,22.63,93.7,54.65,506.985,-51.567,-9.149,-8.006,-3.469,-3.023,-1.804,-1.825,-1.373,-1.345,-0.925,-0.908,-0.744
2026-09-01T21:38:14.148090,210.94,4340.0,20.57,125.0,46.48,413.818,-51.664,-8.644,-7.008,-2.239,-1.794,-0.581,-0.791,-0.401,-0.322,-0.125,-0.535,-0.82
2026-09-01T21:38:14.348711,278045.69,6291456.0,22.63,125.0,108.88,830.161,-51.74,-9.304,-8.142,-3.589,-3.129,-1.897,-1.907,-1.446,-1.409,-0.981,-0.958,-0.788
2026-09-01T21:38:14.548652,9956.48,225280.0,22.63,125.0,79.96,639.758,-51.067,-8.709,-7.624,-3.14,-2.74,-1.559,-1.614,-1.191,-1.188,-0.79,-0.792,-0.645
2026-09-01T21:38:14.748283,381420.5,8355840.0,21.91,125.0,111.63,846.016,-51.678,-9.248,-8.093,-3.545,-3.09,-1.862,-1.878,-1.421,-1.387,-0.963,-0.942,-0.773
2026-09-01T21:38:14.948025,46340.95,1048576.0,22.63,125.0,93.32,714.146,-50.979,-8.631,-7.558,-3.084,-2.692,-1.518,-1.579,-1.161,-1.162,-0.768,-0.774,-0.629
2026-09-01T21:38:15.349545,14.17,320.0,22.58,93.7,23.03,317.452,-51.7,-9.28,-8.134,-3.596,-3.149,-1.931,-1.955,-1.509,-1.487,-1.071,-1.054,-0.884
2026-09-01T21:38:15.548041,46340.95,1048576.0,22.63,125.0,93.32,707.69,-50.882,-8.547,-7.486,-3.023,-2.64,-1.474,-1.541,-1.13,-1.135,-0.746,-0.755,-0.613
2026-09-01T21:38:15.749035,0.92,1.0,1.09,93.7,0.0,68.269,-12.253,0.991,-0.047,1.69,1.359,1.729,1.158,0.967,0.718,0.662,0.076,-0.456
2026-09-01T21:38:15.948007,281881.0,6291456.0,22.32,125.0,109.0,793.031,-50.736,-8.404,-7.345,-2.898,-2.515,-1.352,-1.427,-1.035,-1.046,-0.681,-0.755,-0.709
2026-09-01T21:38:16.147762,0.91,1.0,1.1,93.7,0.0,67.546,-12.174,1.05,-0.012,1.706,1.364,1.728,1.156,0.965,0.712,0.655,0.072,-0.452
2026-09-01T21:38:16.349515,15.6,352.0,22.57,125.0,23.86,296.69,-52.335,-9.866,-8.671,-4.089,-3.605,-2.353,-2.351,-1.883,-1.842,-1.413,-1.384,-1.199
2026-09-01T21:38:16.548040,370727.59,8388608.0,22.63,125.0,111.38,715.327,-51.637,-9.212,-8.061,-3.518,-3.066,-1.842,-1.859,-1.404,-1.372,-0.949,-0.93,-0.763
2026-09-01T21:38:16.747186,98468.82,2228095.0,22.63,125.0,99.87,699.753,-50.302,-8.049,-7.068,-2.674,-2.349,-1.231,-1.337,-0.959,-0.992,-0.626,-0.655,-0.53
2026-09-01T21:38:16.947896,11585.3,262145.0,22.63,125.0,81.28,584.961,-52.703,-10.183,-8.934,-4.299,-3.766,-2.469,-2.421,-1.907,-1.822,-1.352,-1.29,-1.084
2026-09-01T21:38:17.147168,92840.25,2100735.0,22.63,125.0,99.35,767.048,-51.912,-9.459,-8.279,-3.71,-3.235,-1.991,-1.99,-1.519,-1.473,-1.039,-1.008,-0.832
2026-09-01T21:38:17.347913,139022.84,3145728.0,22.63,125.0,102.86,684.588,-52.728,-10.206,-8.955,-4.319,-3.784,-2.486,-2.437,-1.922,-1.835,-1.363,-1.299,-1.092
2026-09-01T21:38:17.547585,372634.72,8388608.0,22.51,125.0,111.43,784.705,-50.545,-8.257,-7.24,-2.815,-2.46,-1.313,-1.4,-1.016,-1.056,-0.692,-0.714,-0.576
2026-09-01T21:38:17.749437,370727.59,8388608.0,22.63,125.0,111.38,840.806,-51.32,-8.931,-7.815,-3.304,-2.881,-1.68,-1.718,-1.281,-1.265,-0.856,-0.849,-0.694
2026-09-01T21:38:17.948073,724.08,16384.0,22.63,125.0,57.2,510.254,-51.991,-9.529,-8.342,-3.765,-3.283,-2.033,-2.027,-1.551,-1.501,-1.063,-1.03,-0.851
2026-09-01T21:38:18.148764,371642.88,7798784.0,20.98,125.0,111.4,794.312,-51.471,-9.065,-7.934,-3.41,-2.981,-1.781,-1.812,-1.356,-1.31,-0.88,-0.867,-0.715
2026-09-01T21:38:18.347815,47332.09,1071003.0,22.63,125.0,93.5,738.395,-51.726,-9.292,-8.131,-3.579,-3.12,-1.889,-1.9,-1.44,-1.403,-0.977,-0.954,-0.784
2026-09-01T21:38:18.548725,139030.34,3145728.0,22.63,125.0,102.86,788.698,-51.293,-8.907,-7.795,-3.287,-2.865,-1.667,-1.707,-1.271,-1.256,-0.849,-0.843,-0.688
2026-09-01T21:38:18.747758,182467.53,4128769.0,22.63,125.0,105.22,809.501,-51.664,-9.236,-8.083,-3.537,-3.083,-1.856,-1.871,-1.415,-1.381,-0.957,-0.937,-0.77
2026-09-01T21:38:18.949032,3.57,77.0,21.57,125.0,11.05,233.869,-50.948,-8.547,-7.423,-2.921,-2.536,-1.372,-1.463,-1.144,-1.211,-0.93,-1.135,-1.124
2026-09-01T21:38:19.149196,60520.24,1310720.0,21.66,125.0,95.64,742.785,-51.903,-9.451,-8.272,-3.703,-3.23,-1.985,-1.982,-1.51,-1.464,-1.029,-0.999,-0.822
2026-09-01T21:38:19.348546,325997.88,7339999.0,22.52,125.0,110.26,802.723,-52.308,-9.82,-8.604,-4.002,-3.498,-2.229,-2.208,-1.722,-1.656,-1.201,-1.161,-0.974
2026-09-01T21:38:19.547436,69873.42,1581055.0,22.63,93.7,96.89,759.751,-51.645,-9.22,-8.068,-3.524,-3.071,-1.846,-1.862,-1.407,-1.374,-0.951,-0.932,-0.765
2026-09-01T21:38:19.749002,225961.88,4222207.0,18.69,125.0,107.08,794.821,-51.723,-9.289,-8.133,-3.582,-3.122,-1.9,-1.921,-1.468,-1.429,-0.969,-0.902,-0.695
2026-09-01T21:38:19.946996,69556.83,1573886.0,22.63,93.7,96.85,757.132,-51.778,-9.339,-8.173,-3.616,-3.152,-1.917,-1.925,-1.462,-1.423,-0.994,-0.969,-0.798
2026-09-01T21:38:20.149251,341812.84,7733231.0,22.62,125.0,110.68,807.154,-50.819,-8.492,-7.439,-2.983,-2.606,-1.446,-1.518,-1.111,-1.12,-0.733,-0.745,-0.605
2026-09-01T21:38:20.346924,8007.98,178176.0,22.25,125.0,78.07,645.319,-51.717,-9.283,-8.124,-3.573,-3.115,-1.885,-1.897,-1.437,-1.401,-0.975,-0.952,-0.781
2026-09-01T21:38:20.546777,43450.86,983039.0,22.62,125.0,92.76,706.559,-52.228,-9.746,-8.536,-3.938,-3.439,-2.173,-2.152,-1.665,-1.604,-1.156,-1.117,-0.933
2026-09-01T21:38:20.746947,278196.69,6289407.0,22.61,125.0,108.89,830.121,-51.457,-9.052,-7.921,-3.395,-2.959,-1.748,-1.777,-1.332,-1.31,-0.896,-0.887,-0.728
2026-09-01T21:38:20.946925,543.06,12288.0,22.63,125.0,54.7,480.542,-50.947,-8.604,-7.535,-3.065,-2.676,-1.505,-1.568,-1.153,-1.155,-0.762,-0.769,-0.624
2026-09-01T21:38:21.146951,25447.28,524289.0,20.6,125.0,88.11,604.697,-51.714,-9.113,-7.903,-3.212,-2.515,-1.048,-0.87,-0.498,-0.903,-1.295,-1.725,-1.249
2026-09-01T21:38:21.346857,1611.22,32767.0,20.34,125.0,64.14,544.056,-51.926,-9.473,-8.293,-3.725,-3.253,-2.014,-2.015,-1.54,-1.494,-1.051,-0.987,-0.77
2026-09-01T21:38:21.548033,23306.2,527359.0,22.63,93.7,87.35,702.689,-51.641,-9.215,-8.064,-3.52,-3.069,-1.844,-1.86,-1.405,-1.373,-0.95,-0.931,-0.764
2026-09-01T21:38:21.747958,1811.65,40964.0,22.61,125.0,65.16,529.838,-50.744,-8.426,-7.379,-2.928,-2.557,-1.402,-1.479,-1.084,-1.115,-0.754,-0.797,-0.697
2026-09-01T21:38:21.948425,46340.95,1048576.0,22.63,93.7,93.32,738.518,-51.579,-9.16,-8.016,-3.478,-3.032,-1.811,-1.832,-1.38,-1.351,-0.931,-0.914,-0.75
2026-09-01T21:38:22.146650,2.52,36.0,14.26,125.0,8.04,193.659,-49.155,-6.523,-5.226,-0.666,-0.308,0.67,0.394,0.604,0.082,-0.098,-0.673,-1.504
2026-09-01T21:38:22.346288,11607.84,262144.0,22.58,125.0,81.3,545.722,-51.685,-9.252,-8.092,-3.546,-3.097,-1.855,-1.835,-1.35,-1.302,-0.858,-0.822,-0.636
2026-09-01T21:38:22.548790,23172.55,524335.0,22.63,125.0,87.3,628.29,-50.337,-8.079,-7.093,-2.694,-2.366,-1.245,-1.349,-0.968,-1.0,-0.632,-0.661,-0.534
2026-09-01T21:38:22.748396,212681.31,4194304.0,19.72,125.0,106.55,707.116,-54.392,-11.225,-9.394,-4.466,-3.883,-2.545,-2.482,-1.831,-0.941,0.519,1.373,2.484
2026-09-01T21:38:22.948339,46341.26,1048575.0,22.63,125.0,93.32,729.915,-51.932,-9.477,-8.295,-3.724,-3.248,-2.002,-2.0,-1.528,-1.482,-1.046,-1.015,-0.837
2026-09-01T21:38:23.148819,135459.66,2097152.0,15.48,125.0,102.64,757.257,-51.57,-9.154,-8.013,-3.481,-3.045,-1.833,-1.859,-1.404,-1.322,-0.832,-0.757,-0.492
2026-09-01T21:38:23.548371,1448.16,32768.0,22.63,125.0,63.22,498.072,-50.494,-8.214,-7.205,-2.788,-2.444,-1.31,-1.403,-1.014,-1.038,-0.664,-0.687,-0.556
2026-09-01T21:38:23.747627,362863.19,7077887.0,19.51,125.0,111.19,804.746,-51.4,-9.001,-7.879,-3.362,-2.941,-1.748,-1.784,-1.331,-1.285,-0.857,-0.849,-0.702
2026-09-01T21:38:23.949119,370728.28,8388607.0,22.63,125.0,111.38,843.096,-51.811,-9.368,-8.198,-3.638,-3.172,-1.934,-1.94,-1.476,-1.436,-1.008,-0.984,-0.814
2026-09-01T21:38:24.149010,241577.23,4325377.0,17.9,125.0,107.66,813.107,-53.062,-9.951,-8.318,-3.656,-3.231,-2.134,-2.178,-1.288,-0.798,0.203,1.035,1.859
2026-09-01T21:38:24.348312,148777.88,2633439.0,17.7,125.0,103.45,792.648,-53.452,-10.45,-8.783,-3.981,-3.49,-2.228,-2.227,-1.641,-0.854,0.495,1.275,2.36
2026-09-01T21:38:24.548143,381958.81,8388607.0,21.96,125.0,111.64,829.34,-51.093,-8.731,-7.643,-3.156,-2.756,-1.577,-1.63,-1.205,-1.194,-0.794,-0.803,-0.664
2026-09-01T21:38:24.748757,5835.19,131072.0,22.46,125.0,75.32,618.417,-51.993,-9.532,-8.344,-3.767,-3.285,-2.035,-2.03,-1.554,-1.503,-1.065,-1.034,-0.854
2026-09-01T21:38:24.948995,90.51,2047.0,22.62,125.0,39.13,391.627,-50.968,-8.611,-7.526,-3.041,-2.644,-1.461,-1.517,-1.122,-1.139,-0.785,-0.869,-0.793
2026-09-01T21:38:25.148409,78313.81,1772031.0,22.63,125.0,97.88,764.274,-51.74,-9.304,-8.142,-3.589,-3.129,-1.897,-1.907,-1.446,-1.409,-0.982,-0.958,-0.788
2026-09-01T21:38:25.348267,1.88,36.0,19.18,125.0,5.47,194.459,-49.495,-7.159,-6.11,-1.7,-1.431,-0.393,-0.619,-0.455,-0.652,-0.512,-0.889,-0.999
2026-09-01T21:38:25.549016,254875.27,5767169.0,22.63,125.0,108.13,826.656,-51.683,-9.253,-8.097,-3.55,-3.094,-1.866,-1.88,-1.422,-1.388,-0.963,-0.942,-0.774
2026-09-01T21:38:25.748456,45119.02,1020927.0,22.63,125.0,93.09,687.85,-52.458,-9.956,-8.726,-4.111,-3.595,-2.313,-2.279,-1.778,-1.705,-1.246,-1.193,-0.996
2026-09-01T21:38:25.948188,322707.06,6815744.0,21.12,93.7,110.18,835.191,-52.682,-9.952,-8.531,-3.862,-3.404,-2.145,-2.135,-1.589,-1.035,0.008,0.532,1.379
2026-09-01T21:38:26.149026,370727.59,8388608.0,22.63,125.0,111.38,816.351,-50.89,-8.554,-7.492,-3.028,-2.644,-1.478,-1.544,-1.132,-1.138,-0.747,-0.757,-0.614
2026-09-01T21:38:26.348145,92505.33,2093056.0,22.63,93.7,99.32,772.482,-51.754,-9.315,-8.15,-3.594,-3.131,-1.899,-1.91,-1.45,-1.425,-1.011,-0.999,-0.847
2026-09-01T21:38:26.548464,5792.84,131071.0,22.63,125.0,75.26,596.424,-52.29,-9.802,-8.586,-3.983,-3.478,-2.206,-2.182,-1.693,-1.632,-1.185,-1.147,-0.966
2026-09-01T21:38:26.746496,139022.84,3145728.0,22.63,93.7,102.86,684.207,-50.289,-8.039,-7.059,-2.667,-2.343,-1.226,-1.333,-0.955,-0.99,-0.624,-0.654,-0.529
2026-09-01T21:38:26.948974,103621.66,2097152.0,20.24,125.0,100.31,755.156,-51.604,-9.021,-7.789,-3.283,-2.895,-1.778,-1.851,-1.218,-1.009,-0.302,0.189,0.741
2026-09-01T21:38:27.148759,5.73,128.0,22.32,93.7,15.17,154.244,-43.527,-2.525,-2.631,0.894,0.512,1.003,0.298,0.104,-0.422,-0.428,-0.737,-0.851
2026-09-01T21:38:27.348182,246192.02,5570593.0,22.63,125.0,107.83,772.196,-50.579,-8.286,-7.265,-2.837,-2.484,-1.342,-1.43,-1.036,-1.057,-0.681,-0.701,-0.568
2026-09-01T21:38:27.548168,167985.94,3801088.0,22.63,125.0,104.51,675.542,-51.224,-8.846,-7.742,-3.241,-2.826,-1.633,-1.677,-1.246,-1.235,-0.83,-0.827,-0.674
2026-09-01T21:38:27.747970,479502.75,8388608.0,17.49,125.0,113.62,820.803,-53.211,-9.945,-7.946,-2.856,-2.279,-1.228,-1.509,-1.298,-1.651,-1.798,-2.659,-3.631
2026-09-01T21:38:27.946628,95055.0,2150783.0,22.63,93.7,99.56,773.867,-51.434,-9.03,-7.901,-3.376,-2.942,-1.732,-1.762,-1.322,-1.307,-0.903,-0.903,-0.758
2026-09-01T21:38:28.146586,65.06,1472.0,22.63,125.0,36.27,353.74,-52.48,-9.986,-8.764,-4.157,-3.649,-2.375,-2.348,-1.853,-1.784,-1.324,-1.266,-1.059
2026-09-01T21:38:28.348780,40548.76,917504.0,22.63,93.7,92.16,731.696,-51.492,-9.206,-8.003,-3.489,-3.031,-1.816,-1.833,-1.383,-1.352,-0.933,-0.915,-0.751
2026-09-01T21:38:28.548433,22.65,512.0,22.61,125.0,27.1,278.823,-50.172,-7.895,-6.889,-2.472,-2.126,-0.99,-1.08,-0.69,-0.717,-0.358,-0.412,-0.326
2026-09-01T21:38:28.746449,92681.97,2097153.0,22.63,93.7,99.34,772.162,-51.424,-9.023,-7.895,-3.374,-2.941,-1.732,-1.763,-1.32,-1.298,-0.885,-0.872,-0.712
2026-09-01T21:38:28.947152,46386.19,1049088.0,22.62,125.0,93.33,697.269,-50.738,-8.423,-7.381,-2.935,-2.566,-1.413,-1.491,-1.088,-1.101,-0.713,-0.723,-0.581
2026-09-01T21:38:29.147963,268.53,6076.0,22.63,93.7,48.58,470.645,-51.581,-9.163,-8.019,-3.482,-3.035,-1.816,-1.837,-1.386,-1.357,-0.936,-0.919,-0.752
2026-09-01T21:38:29.348619,1.21,18.0,14.86,125.0,1.66,128.256,-40.709,-0.6,-1.315,1.875,1.337,1.776,1.071,0.851,0.198,-0.058,-0.631,-0.868
2026-09-01T21:38:29.547983,46341.62,1048577.0,22.63,125.0,93.32,643.956,-52.75,-10.226,-8.973,-4.335,-3.798,-2.498,-2.447,-1.931,-1.845,-1.373,-1.308,-1.1
2026-09-01T21:38:29.747894,1.15,16.0,13.85,125.0,1.25,116.91,-37.591,1.05,-0.517,2.282,1.596,1.975,1.233,0.966,0.239,-0.14,-0.878,-1.272
2026-09-01T21:38:29.948586,0.91,1.0,1.1,125.0,0.0,65.465,-11.739,1.232,-0.012,1.626,1.345,1.663,1.308,1.091,0.478,0.28,-0.253,-1.071
2026-09-01T21:38:30.147310,44892.8,1015808.0,22.63,125.0,93.04,714.413,-52.152,-9.677,-8.474,-3.883,-3.39,-2.129,-2.113,-1.629,-1.571,-1.125,-1.085,-0.9
2026-09-01T21:38:30.348116,5792.62,131072.0,22.63,125.0,75.26,627.271,-51.398,-9.0,-7.875,-3.356,-2.925,-1.719,-1.751,-1.31,-1.291,-0.879,-0.871,-0.714
2026-09-01T21:38:30.547887,7241.14,163841.0,22.63,125.0,77.2,636.604,-51.867,-9.419,-8.245,-3.681,-3.211,-1.971,-1.974,-1.501,-1.454,-1.014,-0.973,-0.787
2026-09-01T21:38:30.747858,5.87,131.0,22.32,125.0,15.37,176.424,-48.104,-6.048,-5.278,-1.107,-1.035,-0.194,-0.598,-0.541,-0.88,-0.785,-1.015,-0.966
2026-09-01T21:38:30.948755,279332.16,6291455.0,22.52,125.0,108.92,828.636,-51.777,-9.317,-8.13,-3.557,-3.09,-1.845,-1.852,-1.435,-1.43,-1.076,-1.199,-1.152
2026-09-01T21:38:31.148100,370727.56,8388607.0,22.63,125.0,111.38,777.323,-52.628,-10.113,-8.87,-4.241,-3.713,-2.421,-2.377,-1.867,-1.786,-1.318,-1.259,-1.055
2026-09-01T21:38:31.347962,2715.29,61440.0,22.63,125.0,68.68,581.315,-51.954,-9.497,-8.313,-3.74,-3.262,-2.015,-2.012,-1.539,-1.491,-1.054,-1.022,-0.844
2026-09-01T21:38:31.747287,43625.62,987135.0,22.63,125.0,92.79,676.224,-52.548,-10.039,-8.802,-4.18,-3.657,-2.37,-2.331,-1.825,-1.747,-1.284,-1.227,-1.027
2026-09-01T21:38:31.947777,315152.56,5767168.0,18.3,125.0,109.97,831.686,-53.586,-10.444,-8.772,-4.061,-3.587,-2.443,-2.449,-1.534,-1.024,-0.005,0.843,1.684
2026-09-01T21:38:32.147731,34755.71,786432.0,22.63,125.0,90.82,637.138,-52.725,-10.203,-8.952,-4.316,-3.782,-2.484,-2.434,-1.919,-1.833,-1.361,-1.298,-1.09
2026-09-01T21:38:32.348630,185629.39,4194304.0,22.6,125.0,105.37,725.869,-50.245,-7.999,-7.022,-2.633,-2.313,-1.197,-1.308,-0.947,-0.994,-0.652,-0.721,-0.627
2026-09-01T21:38:32.546349,4.3,95.0,22.09,125.0,12.67,226.553,-49.931,-7.593,-6.532,-2.066,-1.665,-0.485,-0.551,-0.138,-0.182,0.094,-0.076,-0.153
2026-09-01T21:38:32.747959,510093.0,8388608.0,16.45,125.0,114.15,838.385,-51.802,-9.36,-8.193,-3.635,-3.174,-1.944,-1.952,-1.482,-1.429,-0.991,-0.966,-0.799
2026-09-01T21:38:32.946738,297825.81,5274687.0,17.71,125.0,109.48,792.25,-51.064,-8.706,-7.622,-3.143,-2.75,-1.56,-1.589,-1.144,-1.131,-0.721,-0.716,-0.56
2026-09-01T21:38:33.146162,162148.08,3668992.0,22.63,93.7,104.2,799.758,-51.822,-9.378,-8.207,-3.646,-3.179,-1.941,-1.946,-1.48,-1.439,-1.009,-0.983,-0.81
2026-09-01T21:38:33.347820,191529.2,4325376.0,22.58,125.0,105.64,799.526,-51.176,-8.804,-7.706,-3.211,-2.8,-1.612,-1.659,-1.23,-1.222,-0.819,-0.813,-0.657
2026-09-01T21:38:33.547619,0.94,1.0,1.07,93.7,0.0,68.479,-12.443,1.037,0.291,2.228,1.896,1.915,1.099,0.692,-0.109,-0.657,-1.59,-2.646
2026-09-01T21:38:33.746994,150730.19,3145728.0,20.87,125.0,103.56,743.223,-53.245,-9.947,-8.048,-3.119,-2.605,-1.416,-1.546,-1.351,-1.422,-1.466,-2.543,-3.366
2026-09-01T21:38:33.947832,323662.59,7323648.0,22.63,125.0,110.2,838.72,-51.707,-9.275,-8.116,-3.566,-3.109,-1.879,-1.891,-1.432,-1.397,-0.971,-0.949,-0.78
2026-09-01T21:38:34.147880,20998.69,475145.0,22.63,125.0,86.44,652.052,-50.681,-8.373,-7.339,-2.899,-2.536,-1.386,-1.467,-1.067,-1.082,-0.701,-0.717,-0.581
2026-09-01T21:38:34.347795,250260.95,4218880.0,16.86,125.0,107.97,774.169,-51.729,-9.302,-8.156,-3.63,-3.213,-2.022,-2.06,-1.586,-1.481,-0.921,-0.836,-0.739
2026-09-01T21:38:34.547563,377923.94,8290303.0,21.94,125.0,111.55,796.011,-51.472,-8.822,-7.56,-3.079,-2.738,-1.678,-1.792,-1.13,-0.885,-0.127,0.444,1.062
2026-09-01T21:38:34.747862,186806.34,4194304.0,22.45,125.0,105.43,809.967,-51.692,-9.262,-8.105,-3.556,-3.1,-1.871,-1.884,-1.425,-1.391,-0.966,-0.946,-0.778
2026-09-01T21:38:34.947744,7952.85,179952.0,22.63,125.0,78.01,613.309,-50.842,-8.513,-7.457,-2.998,-2.619,-1.456,-1.526,-1.117,-1.125,-0.738,-0.751,-0.612
2026-09-01T21:38:35.146856,2203.23,49152.0,22.31,93.7,66.86,579.946,-51.654,-9.158,-7.944,-3.365,-2.912,-1.678,-1.706,-1.347,-1.381,-1.113,-1.4,-1.493
2026-09-01T21:38:35.347707,359507.31,8134657.0,22.63,125.0,111.11,771.784,-50.35,-8.091,-7.104,-2.706,-2.376,-1.255,-1.358,-0.974,-0.999,-0.623,-0.64,-0.5
2026-09-01T21:38:35.547691,17374.98,393151.0,22.63,93.7,84.8,579.472,-52.743,-10.219,-8.967,-4.33,-3.794,-2.495,-2.445,-1.929,-1.842,-1.37,-1.305,-1.097
2026-09-01T21:38:35.747698,162194.39,3670016.0,22.63,125.0,104.2,767.813,-50.811,-8.486,-7.434,-2.979,-2.603,-1.443,-1.515,-1.107,-1.116,-0.729,-0.74,-0.599
2026-09-01T21:38:35.947605,28907.87,524288.0,18.14,125.0,89.22,702.064,-51.508,-9.096,-7.957,-3.425,-2.985,-1.771,-1.796,-1.355,-1.332,-0.926,-0.938,-0.799
2026-09-01T21:38:36.148219,92693.18,2097151.0,22.62,125.0,99.34,697.589,-50.299,-8.042,-7.056,-2.657,-2.33,-1.206,-1.312,-0.95,-0.997,-0.658,-0.742,-0.662
2026-09-01T21:38:36.347518,185363.75,4194303.0,22.63,125.0,105.36,800.869,-51.232,-8.853,-7.748,-3.247,-2.831,-1.637,-1.681,-1.249,-1.237,-0.832,-0.829,-0.676
2026-09-01T21:38:36.549009,728.54,16485.0,22.63,125.0,57.25,514.734,-51.913,-9.46,-8.28,-3.71,-3.235,-1.99,-1.989,-1.519,-1.473,-1.038,-1.008,-0.832
2026-09-01T21:38:36.747717,364577.38,8211873.0,22.52,125.0,111.24,760.94,-52.39,-9.89,-8.663,-4.049,-3.532,-2.246,-2.213,-1.72,-1.651,-1.206,-1.201,-1.062
2026-09-01T21:38:36.947567,11585.24,262144.0,22.63,125.0,81.28,649.657,-52.071,-9.603,-8.408,-3.824,-3.337,-2.081,-2.07,-1.591,-1.537,-1.095,-1.058,-0.876
2026-09-01T21:38:37.147805,2296.44,32768.0,14.27,125.0,67.22,556.021,-51.465,-9.058,-7.924,-3.397,-2.964,-1.755,-1.784,-1.343,-1.319,-0.911,-0.912,-0.758
2026-09-01T21:38:37.347592,185364.16,4194304.0,22.63,125.0,105.36,798.286,-52.0,-9.539,-8.35,-3.773,-3.291,-2.041,-2.034,-1.559,-1.508,-1.069,-1.036,-0.856
2026-09-01T21:38:37.547613,162920.47,3686401.0,22.63,125.0,104.24,737.211,-52.609,-10.096,-8.854,-4.227,-3.701,-2.409,-2.367,-1.856,-1.775,-1.308,-1.247,-1.043
2026-09-01T21:38:37.747686,208534.59,4718592.0,22.63,125.0,106.38,801.408,-52.049,-9.583,-8.39,-3.808,-3.323,-2.069,-2.059,-1.581,-1.528,-1.087,-1.051,-0.87
2026-09-01T21:38:37.947589,46702.38,1054720.0,22.58,125.0,93.39,732.177,-51.282,-8.888,-7.768,-3.252,-2.829,-1.625,-1.665,-1.259,-1.267,-0.906,-0.989,-0.908
2026-09-01T21:38:38.147602,328045.56,6594560.0,20.1,125.0,110.32,802.415,-51.493,-9.085,-7.951,-3.425,-2.991,-1.785,-1.814,-1.364,-1.34,-0.915,-0.863,-0.654
2026-09-01T21:38:38.347626,97101.97,2097152.0,21.6,125.0,99.74,708.91,-51.837,-9.389,-8.213,-3.648,-3.174,-1.949,-2.003,-1.58,-1.554,-1.131,-1.11,-0.945
2026-09-01T21:38:38.547545,191111.17,4324352.0,22.63,125.0,105.63,721.33,-50.214,-7.975,-7.007,-2.624,-2.308,-1.197,-1.309,-0.936,-0.974,-0.611,-0.643,-0.52
2026-09-01T21:38:38.745879,364994.47,8258881.0,22.63,125.0,111.25,823.712,-51.014,-8.662,-7.584,-3.106,-2.71,-1.534,-1.592,-1.173,-1.172,-0.777,-0.782,-0.635
2026-09-01T21:38:38.946779,0.93,3.0,3.24,93.7,0.0,68.955,-13.337,1.663,0.239,2.323,1.836,1.954,1.228,0.82,0.272,-0.136,-1.38,-2.409
2026-09-01T21:38:39.147518,542.26,12270.0,22.63,125.0,54.68,430.532,-52.694,-10.176,-8.929,-4.297,-3.766,-2.472,-2.425,-1.914,-1.83,-1.36,-1.298,-1.091
2026-09-01T21:38:39.347553,98383.97,2226175.0,22.63,93.7,99.86,777.666,-51.579,-9.16,-8.016,-3.478,-3.032,-1.811,-1.832,-1.38,-1.351,-0.931,-0.914,-0.75
2026-09-01T21:38:39.547035,9.81,221.0,22.53,125.0,19.83,282.364,-51.218,-8.85,-7.756,-3.264,-2.86,-1.676,-1.729,-1.304,-1.294,-0.882,-0.859,-0.673
2026-09-01T21:38:39.947481,1.44,25.0,17.37,93.7,3.16,183.856,-48.422,-6.363,-5.579,-1.404,-1.341,-0.53,-0.985,-0.989,-1.383,-1.276,-1.397,-1.164
2026-09-01T21:38:40.147578,197204.36,4462223.0,22.63,125.0,105.9,769.864,-50.699,-8.389,-7.352,-2.91,-2.545,-1.394,-1.473,-1.072,-1.087,-0.705,-0.721,-0.585
2026-09-01T21:38:40.347956,52326.81,1183567.0,22.62,93.7,94.37,744.65,-51.55,-9.135,-7.993,-3.459,-3.014,-1.796,-1.819,-1.369,-1.341,-0.922,-0.907,-0.744
2026-09-01T21:38:40.547506,3.4,74.0,21.75,125.0,10.64,214.532,-50.341,-8.042,-7.02,-2.6,-2.268,-1.158,-1.279,-0.918,-0.962,-0.588,-0.577,-0.375
2026-09-01T21:38:40.747454,184979.14,4185600.0,22.63,125.0,105.34,680.224,-51.282,-8.897,-7.786,-3.279,-2.859,-1.662,-1.702,-1.267,-1.253,-0.846,-0.841,-0.686
2026-09-01T21:38:40.947360,11585.24,262144.0,22.63,125.0,81.28,642.517,-50.986,-8.638,-7.563,-3.088,-2.695,-1.521,-1.581,-1.164,-1.164,-0.77,-0.776,-0.631
2026-09-01T21:38:41.147723,172232.97,3112959.0,18.07,93.7,104.72,794.993,-52.114,-9.501,-8.192,-3.581,-3.137,-1.991,-2.047,-1.445,-1.047,-0.224,0.229,0.936
2026-09-01T21:38:41.347468,62566.06,1048576.0,16.76,125.0,95.93,713.304,-52.012,-9.199,-7.805,-3.26,-2.887,-1.812,-1.898,-1.148,-0.808,0.048,0.73,1.437
2026-09-01T21:38:41.548112,5.56,124.0,22.32,93.7,14.9,264.315,-50.902,-8.515,-7.399,-2.885,-2.455,-1.246,-1.279,-0.848,-0.853,-0.496,-0.583,-0.554
2026-09-01T21:38:41.748199,454207.03,8126463.0,17.89,125.0,113.15,808.364,-51.626,-9.201,-8.052,-3.511,-3.064,-1.831,-1.808,-1.317,-1.273,-0.846,-0.824,-0.651
2026-09-01T21:38:41.948253,370374.53,8380545.0,22.63,125.0,111.37,758.162,-52.734,-10.211,-8.959,-4.323,-3.788,-2.49,-2.439,-1.924,-1.837,-1.363,-1.298,-1.088
2026-09-01T21:38:42.146301,185364.33,4194304.0,22.63,125.0,105.36,763.932,-50.662,-8.358,-7.325,-2.888,-2.526,-1.378,-1.46,-1.061,-1.078,-0.698,-0.715,-0.58
2026-09-01T21:38:42.347388,32206.4,720896.0,22.38,125.0,90.16,589.45,-52.213,-9.564,-8.216,-3.562,-3.09,-1.855,-1.898,-1.588,-1.633,-1.429,-1.884,-2.107
2026-09-01T21:38:42.547370,185369.5,4194305.0,22.63,125.0,105.36,714.581,-50.21,-7.972,-7.006,-2.627,-2.313,-1.206,-1.32,-0.937,-0.968,-0.59,-0.592,-0.445
2026-09-01T21:38:42.747270,17.04,385.0,22.59,125.0,24.63,325.617,-51.545,-9.139,-8.008,-3.484,-3.049,-1.841,-1.873,-1.428,-1.403,-0.979,-0.947,-0.758
2026-09-01T21:38:42.947609,1983.44,44880.0,22.63,125.0,65.95,560.71,-52.029,-9.565,-8.374,-3.794,-3.311,-2.058,-2.05,-1.573,-1.521,-1.081,-1.046,-0.865
2026-09-01T21:38:43.147353,347557.13,7864320.0,22.63,125.0,110.82,840.022,-51.393,-8.995,-7.872,-3.353,-2.923,-1.716,-1.749,-1.308,-1.288,-0.877,-0.867,-0.709
2026-09-01T21:38:43.347494,277102.44,6262785.0,22.6,125.0,108.85,826.474,-51.85,-9.403,-8.23,-3.666,-3.196,-1.956,-1.959,-1.492,-1.449,-1.017,-0.991,-0.819
2026-09-01T21:38:43.547344,93403.13,2097151.0,22.45,125.0,99.41,756.572,-51.08,-8.72,-7.634,-3.149,-2.748,-1.566,-1.617,-1.192,-1.187,-0.788,-0.79,-0.642
2026-09-01T21:38:43.745860,90.51,2048.0,22.63,125.0,39.13,299.022,-50.168,-7.908,-6.92,-2.52,-2.191,-1.071,-1.179,-0.803,-0.843,-0.485,-0.526,-0.413
2026-09-01T21:38:43.947303,231704.77,5242880.0,22.63,125.0,107.3,813.016,-51.243,-8.863,-7.757,-3.254,-2.837,-1.643,-1.685,-1.253,-1.241,-0.835,-0.832,-0.678
2026-09-01T21:38:44.147480,7285.98,164863.0,22.63,125.0,77.25,515.78,-50.848,-8.518,-7.461,-3.001,-2.621,-1.458,-1.528,-1.118,-1.125,-0.736,-0.747,-0.606
2026-09-01T21:38:44.347329,370728.31,8388607.0,22.63,125.0,111.38,825.81,-51.034,-8.68,-7.599,-3.119,-2.721,-1.543,-1.6,-1.18,-1.178,-0.782,-0.786,-0.639
2026-09-01T21:38:44.548015,24255.74,528927.0,21.81,93.7,87.7,650.237,-35.872,0.697,-1.984,0.352,-0.404,0.135,-0.315,-0.194,-0.433,-0.229,-0.379,-0.338
2026-09-01T21:38:44.747967,23170.43,524287.0,22.63,125.0,87.3,657.366,-52.416,-9.918,-8.692,-4.079,-3.566,-2.287,-2.256,-1.757,-1.686,-1.228,-1.177,-0.982
2026-09-01T21:38:44.947296,46340.95,1048576.0,22.63,93.7,93.32,622.27,-50.385,-8.12,-7.127,-2.723,-2.389,-1.264,-1.365,-0.981,-1.011,-0.642,-0.668,-0.541
2026-09-01T21:38:45.147164,34755.71,786432.0,22.63,125.0,90.82,708.502,-51.131,-8.765,-7.672,-3.181,-2.775,-1.589,-1.639,-1.213,-1.207,-0.806,-0.806,-0.657
2026-09-01T21:38:45.347171,5.04,112.0,22.23,93.7,14.05,258.281,-51.926,-9.508,-8.368,-3.842,-3.414,-2.22,-2.269,-1.845,-1.833,-1.402,-1.336,-1.079
2026-09-01T21:38:45.548063,196926.41,4455936.0,22.63,125.0,105.89,757.761,-52.52,-10.014,-8.779,-4.159,-3.638,-2.352,-2.315,-1.811,-1.735,-1.272,-1.217,-1.018
2026-09-01T21:38:45.747077,156400.7,3538944.0,22.63,93.7,103.88,799.533,-51.769,-9.33,-8.165,-3.609,-3.146,-1.912,-1.921,-1.458,-1.419,-0.991,-0.966,-0.795
2026-09-01T21:38:45.946931,11.37,256.0,22.52,125.0,21.11,256.439,-50.149,-7.848,-6.819,-2.38,-2.015,-0.864,-0.948,-0.556,-0.588,-0.242,-0.325,-0.281
2026-09-01T21:38:46.147351,362041.53,8192017.0,22.63,125.0,111.18,715.957,-52.17,-9.691,-8.485,-3.889,-3.388,-2.118,-2.097,-1.611,-1.562,-1.133,-1.108,-0.922
2026-09-01T21:38:46.346073,324367.31,6291457.0,19.4,125.0,110.22,808.48,-52.707,-10.042,-8.719,-4.11,-3.623,-2.414,-2.418,-1.752,-1.507,-0.77,-0.27,0.301
2026-09-01T21:38:46.547982,62451.67,1413120.0,22.63,93.7,95.91,753.944,-51.641,-9.215,-8.064,-3.52,-3.068,-1.844,-1.86,-1.405,-1.373,-0.95,-0.931,-0.764
2026-09-01T21:38:46.747593,0.94,5.0,5.32,125.0,0.0,83.217,-27.14,4.541,0.436,2.539,1.802,2.265,1.658,1.596,0.985,0.616,-0.04,-0.602
2026-09-01T21:38:46.946872,185363.8,4194304.0,22.63,93.7,105.36,810.587,-51.574,-9.156,-8.012,-3.475,-3.029,-1.809,-1.83,-1.378,-1.349,-0.93,-0.913,-0.749
2026-09-01T21:38:47.147979,460949.25,8265729.0,17.93,125.0,113.27,836.367,-52.756,-9.687,-7.965,-3.071,-2.464,-1.335,-1.536,-1.303,-1.874,-2.056,-2.534,-3.266
2026-09-01T21:38:47.347794,0.98,7.0,7.15,93.7,0.0,131.987,-40.66,-0.712,-1.494,1.644,1.121,1.713,1.243,1.239,0.739,0.428,-0.545,-1.409
2026-09-01T21:38:47.546999,181.02,4096.0,22.63,125.0,45.15,439.092,-51.963,-9.503,-8.318,-3.743,-3.263,-2.014,-2.009,-1.535,-1.487,-1.051,-1.021,-0.845
2026-09-01T21:38:47.747402,24013.62,524289.0,21.83,125.0,87.61,594.061,-51.785,-9.288,-8.071,-3.507,-3.084,-1.877,-1.919,-1.462,-1.22,-0.547,-0.346,0.099
2026-09-01T21:38:48.147161,325869.59,7356415.0,22.57,125.0,110.26,748.57,-50.364,-8.091,-7.098,-2.708,-2.396,-1.303,-1.419,-0.99,-0.891,-0.375,-0.232,0.116
2026-09-01T21:38:48.346943,0.91,1.0,1.09,125.0,0.0,65.637,-12.251,1.212,0.345,2.132,1.7,1.745,1.058,0.649,0.117,-0.314,-1.554,-2.545
2026-09-01T21:38:48.546680,5769.99,130560.0,22.63,125.0,75.22,565.791,-50.443,-8.169,-7.168,-2.757,-2.417,-1.288,-1.385,-0.998,-1.025,-0.653,-0.678,-0.548
2026-09-01T21:38:48.745807,40704.05,917376.0,22.54,125.0,92.19,623.357,-52.047,-9.579,-8.385,-3.804,-3.315,-2.051,-2.004,-1.475,-1.402,-0.964,-0.926,-0.731
2026-09-01T21:38:48.945471,67484.81,1527007.0,22.63,125.0,96.58,661.004,-50.199,-7.962,-6.996,-2.615,-2.301,-1.191,-1.305,-0.932,-0.97,-0.608,-0.64,-0.518
2026-09-01T21:38:49.146817,109294.91,2097152.0,19.19,125.0,100.77,769.955,-51.352,-8.959,-7.841,-3.327,-2.903,-1.704,-1.74,-1.298,-1.274,-0.859,-0.851,-0.697
2026-09-01T21:38:49.347034,370727.59,8388608.0,22.63,125.0,111.38,777.019,-50.384,-8.119,-7.126,-2.722,-2.388,-1.263,-1.364,-0.981,-1.011,-0.642,-0.668,-0.54
2026-09-01T21:38:49.546997,92683.32,2097151.0,22.63,125.0,99.34,721.627,-52.493,-9.989,-8.756,-4.138,-3.619,-2.336,-2.3,-1.797,-1.723,-1.26,-1.205,-1.006
2026-09-01T21:38:49.747720,881.82,19936.0,22.61,125.0,58.91,450.635,-50.272,-8.023,-7.045,-2.653,-2.33,-1.213,-1.321,-0.956,-0.999,-0.651,-0.714,-0.616
2026-09-01T21:38:49.947144,138694.38,3135487.0,22.61,125.0,102.84,777.089,-51.073,-8.714,-7.629,-3.144,-2.744,-1.563,-1.618,-1.194,-1.189,-0.79,-0.793,-0.645
2026-09-01T21:38:50.147045,10634.89,240640.0,22.63,125.0,80.53,655.538,-51.887,-9.436,-8.259,-3.692,-3.22,-1.977,-1.978,-1.509,-1.464,-1.03,-1.001,-0.826
2026-09-01T21:38:50.347649,93224.92,2109439.0,22.63,125.0,99.39,750.953,-50.986,-8.637,-7.563,-3.088,-2.695,-1.521,-1.581,-1.164,-1.164,-0.77,-0.776,-0.631
2026-09-01T21:38:50.546791,92681.9,2097152.0,22.63,93.7,99.34,666.132,-50.25,-8.005,-7.032,-2.644,-2.325,-1.211,-1.321,-0.945,-0.981,-0.617,-0.648,-0.524
2026-09-01T21:38:50.746873,370730.38,8388607.0,22.63,125.0,111.38,806.736,-52.364,-9.87,-8.649,-4.041,-3.532,-2.257,-2.228,-1.731,-1.662,-1.205,-1.152,-0.956
2026-09-01T21:38:50.946709,359571.69,7866369.0,21.88,125.0,111.12,750.892,-16.456,1.189,-1.976,0.074,-0.473,0.049,-0.373,-0.228,-0.587,-0.469,-0.38,-0.368
2026-09-01T21:38:51.146916,118041.55,2621440.0,22.21,125.0,101.44,768.811,-51.235,-8.83,-7.718,-3.235,-2.837,-1.676,-1.734,-1.226,-1.146,-0.617,-0.393,-0.057
2026-09-01T21:38:51.347152,31991.43,720896.0,22.53,93.7,90.1,616.984,-50.805,-8.48,-7.43,-2.977,-2.614,-1.472,-1.549,-1.125,-1.099,-0.689,-0.701,-0.575
2026-09-01T21:38:51.546936,46340.95,1048576.0,22.63,125.0,93.32,715.953,-51.007,-8.656,-7.578,-3.101,-2.707,-1.531,-1.589,-1.171,-1.17,-0.775,-0.78,-0.634
2026-09-01T21:38:51.747135,148222.11,2617343.0,17.66,125.0,103.42,774.472,-51.54,-9.125,-7.984,-3.45,-3.004,-1.783,-1.805,-1.359,-1.338,-0.924,-0.909,-0.742
2026-09-01T21:38:51.947599,40860.95,886655.0,21.7,125.0,92.23,690.05,-50.797,-8.468,-7.409,-2.947,-2.568,-1.41,-1.498,-1.116,-1.13,-0.764,-0.829,-0.74
2026-09-01T21:38:52.146905,425037.06,8388608.0,19.74,125.0,112.57,850.6,-52.739,-9.877,-8.421,-3.799,-3.351,-2.207,-2.239,-1.463,-1.105,-0.237,0.446,1.154
2026-09-01T21:38:52.346977,377876.97,8388608.0,22.2,125.0,111.55,821.718,-50.959,-8.577,-7.472,-2.978,-2.588,-1.408,-1.475,-1.126,-1.175,-0.89,-1.114,-1.154
2026-09-01T21:38:52.546643,0.92,1.0,1.08,93.7,0.0,67.896,-12.318,1.233,0.287,1.858,1.374,1.579,1.011,0.727,0.215,-0.105,-1.413,-2.312
2026-09-01T21:38:52.747019,144815.47,3276800.0,22.63,125.0,103.22,765.866,-50.866,-8.534,-7.475,-3.013,-2.632,-1.467,-1.535,-1.125,-1.131,-0.742,-0.752,-0.611
2026-09-01T21:38:52.947691,370728.25,8388607.0,22.63,93.7,111.38,844.756,-51.444,-9.04,-7.91,-3.386,-2.952,-1.742,-1.771,-1.327,-1.305,-0.891,-0.879,-0.719
2026-09-01T21:38:53.146783,34754.3,786400.0,22.63,125.0,90.82,684.094,-50.76,-8.442,-7.396,-2.947,-2.576,-1.42,-1.496,-1.091,-1.103,-0.718,-0.732,-0.594
2026-09-01T21:38:53.346811,370317.53,8379329.0,22.63,93.7,111.37,736.534,-52.734,-10.211,-8.96,-4.324,-3.788,-2.49,-2.44,-1.925,-1.838,-1.366,-1.302,-1.094
2026-09-01T21:38:53.547320,4434.97,100351.0,22.63,125.0,72.94,531.716,-50.245,-8.001,-7.028,-2.641,-2.322,-1.209,-1.319,-0.943,-0.978,-0.613,-0.644,-0.52
2026-09-01T21:38:53.745083,7874.59,178175.0,22.63,125.0,77.92,640.08,-51.309,-8.921,-7.807,-3.297,-2.874,-1.675,-1.713,-1.277,-1.261,-0.853,-0.847,-0.692
2026-09-01T21:38:53.946720,422827.03,8339455.0,19.72,125.0,112.52,796.844,-51.591,-9.127,-7.955,-3.421,-2.986,-1.791,-1.785,-1.19,-1.044,-0.443,-0.127,0.29
2026-09-01T21:38:54.146764,46374.85,1049343.0,22.63,125.0,93.33,655.121,-52.712,-10.191,-8.941,-4.307,-3.773,-2.475,-2.427,-1.913,-1.827,-1.356,-1.293,-1.086
2026-09-01T21:38:54.345332,190.98,4096.0,21.45,125.0,45.62,427.936,-52.146,-9.671,-8.468,-3.877,-3.384,-2.125,-2.12,-1.658,-1.614,-1.189,-1.186,-1.03
2026-09-01T21:38:54.547507,19934.71,451071.0,22.63,125.0,85.99,681.293,-51.162,-8.791,-7.695,-3.201,-2.791,-1.603,-1.652,-1.224,-1.216,-0.814,-0.813,-0.662
2026-09-01T21:38:54.745257,106116.88,2400256.0,22.62,125.0,100.52,764.433,-52.077,-9.609,-8.413,-3.829,-3.341,-2.085,-2.075,-1.595,-1.541,-1.099,-1.062,-0.88
2026-09-01T21:38:54.947570,139022.84,3145728.0,22.63,125.0,102.86,695.873,-52.757,-10.232,-8.979,-4.341,-3.805,-2.504,-2.453,-1.937,-1.849,-1.376,-1.311,-1.103
2026-09-01T21:38:55.147254,1.68,32.0,19.01,125.0,4.52,105.056,-32.881,2.908,0.003,2.321,1.576,2.087,1.533,1.42,0.707,0.221,-0.638,-1.214
2026-09-01T21:38:55.345550,2.31,48.0,20.78,125.0,7.27,215.186,-50.698,-8.377,-7.337,-2.911,-2.585,-1.491,-1.64,-1.315,-1.39,-1.025,-0.99,-0.728
2026-09-01T21:38:55.547504,8688.93,196608.0,22.63,125.0,78.78,642.607,-51.937,-9.482,-8.3,-3.728,-3.252,-2.005,-2.003,-1.531,-1.484,-1.048,-1.017,-0.839
2026-09-01T21:38:55.746668,4338.81,98176.0,22.63,125.0,72.75,608.865,-51.305,-8.917,-7.804,-3.294,-2.872,-1.673,-1.711,-1.275,-1.26,-0.852,-0.846,-0.69
2026-09-01T21:38:55.946605,185363.8,4194304.0,22.63,125.0,105.36,804.812,-51.871,-9.422,-8.247,-3.681,-3.21,-1.968,-1.97,-1.502,-1.458,-1.025,-0.996,-0.821
2026-09-01T21:38:56.346047,1085.59,24564.0,22.63,125.0,60.71,533.85,-51.239,-8.86,-7.754,-3.252,-2.835,-1.641,-1.684,-1.252,-1.24,-0.835,-0.831,-0.678
2026-09-01T21:38:56.546414,5.82,130.0,22.35,125.0,15.29,183.247,-47.878,-5.983,-5.347,-1.258,-1.203,-0.333,-0.67,-0.511,-0.76,-0.598,-0.79,-0.761
2026-09-01T21:38:56.746694,180.98,4095.0,22.63,125.0,45.15,417.727,-50.844,-8.512,-7.453,-2.992,-2.61,-1.445,-1.513,-1.101,-1.108,-0.72,-0.732,-0.594
2026-09-01T21:38:56.946527,178446.5,3932160.0,22.04,93.7,105.03,802.299,-51.847,-9.4,-8.228,-3.665,-3.196,-1.958,-1.961,-1.493,-1.448,-1.015,-0.987,-0.814
2026-09-01T21:38:57.146694,92681.95,2097153.0,22.63,125.0,99.34,743.875,-52.257,-9.772,-8.56,-3.96,-3.459,-2.19,-2.168,-1.679,-1.615,-1.165,-1.121,-0.931
2026-09-01T21:38:57.347259,11585.24,262144.0,22.63,93.7,81.28,550.181,-50.387,-8.122,-7.128,-2.724,-2.39,-1.265,-1.366,-0.983,-1.012,-0.643,-0.669,-0.541
2026-09-01T21:38:57.545526,12.1,273.0,22.56,125.0,21.66,274.328,-51.74,-9.271,-8.077,-3.496,-3.011,-1.761,-1.758,-1.29,-1.252,-0.832,-0.826,-0.683
2026-09-01T21:38:57.746543,111274.93,1966080.0,17.67,125.0,100.93,758.721,-51.702,-9.269,-8.111,-3.56,-3.105,-1.878,-1.892,-1.434,-1.395,-0.973,-0.972,-0.818
2026-09-01T21:38:57.946713,17396.89,393215.0,22.6,125.0,84.81,645.016,-50.7,-8.37,-7.319,-2.868,-2.493,-1.329,-1.412,-1.035,-1.079,-0.755,-0.912,-0.861
2026-09-01T21:38:58.146794,104267.14,2359296.0,22.63,125.0,100.36,780.401,-51.664,-9.236,-8.083,-3.537,-3.083,-1.856,-1.871,-1.415,-1.381,-0.957,-0.937,-0.77
2026-09-01T21:38:58.346407,5207.45,117760.0,22.61,125.0,74.33,578.417,-52.424,-9.926,-8.7,-4.087,-3.575,-2.298,-2.267,-1.766,-1.691,-1.231,-1.18,-0.986
2026-09-01T21:38:58.546478,51810.89,1048575.0,20.24,125.0,94.29,702.396,-51.51,-9.099,-7.962,-3.434,-2.998,-1.786,-1.814,-1.368,-1.333,-0.908,-0.902,-0.745
2026-09-01T21:38:58.744976,185364.47,4194304.0,22.63,125.0,105.36,778.156,-50.859,-8.527,-7.469,-3.008,-2.628,-1.464,-1.532,-1.122,-1.129,-0.74,-0.751,-0.609
2026-09-01T21:38:58.946238,0.93,1.0,1.07,93.7,0.0,68.274,-12.357,1.206,0.271,1.85,1.372,1.581,1.016,0.732,0.22,-0.102,-1.417,-2.325
2026-09-01T21:38:59.146616,185634.94,4200439.0,22.63,125.0,105.37,738.336,-50.355,-8.095,-7.106,-2.705,-2.375,-1.252,-1.355,-0.973,-1.004,-0.636,-0.664,-0.537
2026-09-01T21:38:59.346582,95578.16,2162687.0,22.63,93.7,99.61,667.112,-52.739,-10.216,-8.964,-4.327,-3.792,-2.493,-2.443,-1.927,-1.84,-1.368,-1.304,-1.096
2026-09-01T21:38:59.546562,79377.77,1441791.0,18.16,125.0,97.99,744.571,-52.559,-9.518,-7.943,-3.278,-2.791,-1.481,-1.481,-1.136,-1.267,-1.224,-2.103,-2.531
2026-09-01T21:38:59.746249,546.63,12363.0,22.62,125.0,54.75,501.389,-51.291,-8.899,-7.781,-3.268,-2.841,-1.636,-1.677,-1.253,-1.252,-0.873,-0.934,-0.821
2026-09-01T21:38:59.946427,0.91,1.0,1.1,125.0,0.0,57.807,-11.498,1.87,0.888,2.586,2.148,2.261,1.648,1.306,0.838,0.535,-0.608,-1.536
2026-09-01T21:39:00.146537,6166.02,139519.0,22.63,125.0,75.8,624.173,-51.237,-8.858,-7.752,-3.25,-2.834,-1.64,-1.683,-1.251,-1.239,-0.834,-0.83,-0.677
2026-09-01T21:39:00.346709,191895.45,4276191.0,22.28,125.0,105.66,803.962,-51.903,-9.394,-8.176,-3.593,-3.105,-1.84,-1.848,-1.422,-1.432,-1.109,-1.341,-1.329
2026-09-01T21:39:00.546493,52857.69,1196033.0,22.63,125.0,94.46,674.239,-52.641,-10.125,-8.881,-4.251,-3.722,-2.429,-2.385,-1.874,-1.792,-1.324,-1.264,-1.06
2026-09-01T21:39:00.746265,190992.33,4321663.0,22.63,125.0,105.62,710.941,-50.203,-7.966,-6.999,-2.618,-2.303,-1.193,-1.306,-0.933,-0.971,-0.609,-0.641,-0.519
2026-09-01T21:39:00.947134,5.73,128.0,22.34,125.0,15.16,157.599,-45.347,-3.838,-3.555,0.246,0.078,0.78,0.314,0.373,0.035,0.066,-0.368,-0.679
2026-09-01T21:39:01.147198,30954.34,700415.0,22.63,125.0,89.81,714.454,-51.798,-9.356,-8.188,-3.629,-3.164,-1.928,-1.934,-1.47,-1.43,-1.0,-0.975,-0.802
2026-09-01T21:39:01.346320,207243.05,4194304.0,20.24,125.0,106.33,810.246,-51.76,-8.986,-7.549,-2.884,-2.459,-1.279,-1.385,-1.157,-1.255,-1.19,-1.924,-2.416
2026-09-01T21:39:01.547168,1617.95,32735.0,20.23,125.0,64.18,557.088,-51.72,-9.277,-8.121,-3.568,-3.108,-1.876,-1.887,-1.428,-1.392,-0.968,-0.956,-0.799
2026-09-01T21:39:01.745477,64638.0,1438815.0,22.26,125.0,96.21,697.646,-52.484,-9.955,-8.698,-4.061,-3.538,-2.243,-2.206,-1.753,-1.716,-1.337,-1.445,-1.384
2026-09-01T21:39:01.947187,5828.28,131583.0,22.58,125.0,75.31,513.104,-50.467,-8.121,-7.083,-2.667,-2.305,-1.162,-1.273,-0.897,-0.99,-0.796,-1.023,-1.073
2026-09-01T21:39:02.146410,5.86,126.0,21.49,125.0,15.36,259.779,-51.32,-8.943,-7.842,-3.347,-2.943,-1.765,-1.822,-1.4,-1.387,-0.966,-0.926,-0.712
2026-09-01T21:39:02.347315,191146.44,4325119.0,22.63,125.0,105.63,685.104,-50.901,-8.563,-7.5,-3.035,-2.651,-1.483,-1.546,-1.131,-1.135,-0.744,-0.751,-0.608
2026-09-01T21:39:02.547152,1262.89,28576.0,22.63,125.0,62.03,537.819,-51.163,-8.793,-7.696,-3.202,-2.793,-1.605,-1.653,-1.225,-1.217,-0.815,-0.814,-0.663
2026-09-01T21:39:02.746363,20364.63,460799.0,22.63,125.0,86.18,695.523,-51.66,-9.232,-8.079,-3.533,-3.08,-1.854,-1.869,-1.413,-1.379,-0.956,-0.936,-0.768
2026-09-01T21:39:02.946379,1583.53,32833.0,20.73,125.0,63.99,525.479,-51.921,-9.4,-8.192,-3.635,-3.175,-1.932,-1.948,-1.525,-1.532,-1.199,-1.446,-1.434
2026-09-01T21:39:03.145742,192.18,4096.0,21.31,93.7,45.67,452.602,-51.859,-9.159,-7.778,-3.124,-2.673,-1.456,-1.52,-1.244,-1.315,-1.186,-1.791,-2.168
2026-09-01T21:39:03.346673,265474.47,5996544.0,22.59,125.0,108.48,814.842,-51.143,-8.775,-7.681,-3.189,-2.782,-1.596,-1.645,-1.219,-1.21,-0.808,-0.808,-0.658
2026-09-01T21:39:03.546685,185363.94,4194304.0,22.63,125.0,105.36,679.301,-51.754,-9.317,-8.154,-3.599,-3.138,-1.905,-1.915,-1.453,-1.415,-0.986,-0.961,-0.789
2026-09-01T21:39:03.744999,321894.53,6291456.0,19.55,125.0,110.15,797.865,-51.548,-9.133,-7.995,-3.464,-3.033,-1.834,-1.862,-1.396,-1.333,-0.892,-0.876,-0.727
2026-09-01T21:39:03.946055,23019.66,516736.0,22.45,93.7,87.24,607.984,-51.063,-8.701,-7.614,-3.126,-2.719,-1.528,-1.577,-1.157,-1.152,-0.765,-0.815,-0.727
2026-09-01T21:39:04.146728,357421.25,8087520.0,22.63,125.0,111.06,795.469,-52.458,-9.956,-8.727,-4.111,-3.595,-2.313,-2.279,-1.778,-1.705,-1.246,-1.193,-0.996
2026-09-01T21:39:04.546438,69511.47,1572865.0,22.63,125.0,96.84,629.117,-52.028,-9.564,-8.373,-3.793,-3.309,-2.057,-2.049,-1.571,-1.52,-1.08,-1.045,-0.864
2026-09-01T21:39:04.746190,17.0,384.0,22.59,125.0,24.61,308.314,-51.849,-9.386,-8.196,-3.618,-3.135,-1.884,-1.878,-1.405,-1.36,-0.932,-0.916,-0.761
2026-09-01T21:39:04.945486,336771.47,7602176.0,22.57,125.0,110.55,724.097,-51.531,-9.113,-7.97,-3.432,-2.982,-1.755,-1.772,-1.325,-1.296,-0.889,-0.922,-0.816
2026-09-01T21:39:05.146934,99996.11,2228224.0,22.28,125.0,100.0,753.736,-51.01,-8.659,-7.583,-3.106,-2.709,-1.534,-1.599,-1.187,-1.181,-0.77,-0.761,-0.608
2026-09-01T21:39:05.347010,452.52,10239.0,22.63,93.7,53.11,494.858,-51.395,-8.996,-7.87,-3.349,-2.918,-1.709,-1.741,-1.304,-1.288,-0.884,-0.89,-0.744
2026-09-01T21:39:05.546319,18659.28,327681.0,17.56,125.0,85.42,656.151,-51.678,-9.248,-8.089,-3.539,-3.073,-1.83,-1.839,-1.395,-1.391,-0.985,-0.963,-0.783
2026-09-01T21:39:05.747013,9770.6,220928.0,22.61,125.0,79.8,530.486,-51.681,-9.251,-8.095,-3.545,-3.085,-1.87,-1.912,-1.478,-1.455,-1.044,-1.032,-0.876
2026-09-01T21:39:05.947036,370727.66,8384512.0,22.62,125.0,111.38,807.198,-50.76,-8.441,-7.396,-2.948,-2.578,-1.423,-1.499,-1.093,-1.102,-0.715,-0.729,-0.592
2026-09-01T21:39:06.146917,5.64,126.0,22.33,125.0,15.03,150.458,-44.066,-2.94,-2.963,0.583,0.168,0.604,-0.104,-0.217,-0.667,-0.753,-1.256,-1.408
2026-09-01T21:39:06.346446,481856.03,8388608.0,17.41,125.0,113.66,808.257,-51.102,-8.542,-7.289,-2.738,-2.377,-1.241,-1.362,-1.104,-1.181,-1.046,-1.627,-1.992
2026-09-01T21:39:06.545551,148365.28,2097219.0,14.14,125.0,103.43,787.671,-53.221,-10.098,-8.452,-3.778,-3.341,-2.233,-2.266,-1.368,-0.87,0.137,0.973,1.8
2026-09-01T21:39:06.746419,9.12,182.0,19.96,125.0,19.2,233.608,-50.372,-7.959,-6.814,-2.312,-1.965,-0.884,-1.058,-0.784,-1.022,-0.919,-1.306,-1.646
2026-09-01T21:39:06.946777,0.92,1.0,1.09,125.0,0.0,65.389,-12.225,1.231,0.359,2.147,1.719,1.749,1.039,0.622,0.123,-0.27,-1.518,-2.563
2026-09-01T21:39:07.146873,11693.75,264092.0,22.58,125.0,81.36,651.509,-52.047,-9.581,-8.389,-3.808,-3.323,-2.069,-2.06,-1.582,-1.528,-1.086,-1.05,-0.869
2026-09-01T21:39:07.346191,185363.75,4194303.0,22.63,125.0,105.36,735.813,-52.665,-10.147,-8.901,-4.27,-3.739,-2.445,-2.399,-1.887,-1.804,-1.335,-1.274,-1.069
2026-09-01T21:39:07.546791,5.56,96.0,17.27,125.0,14.9,233.669,-51.462,-8.968,-7.796,-3.305,-2.936,-1.78,-1.888,-1.555,-1.612,-1.344,-1.704,-1.719
2026-09-01T21:39:07.744910,11585.33,262145.0,22.63,125.0,81.28,602.321,-52.589,-10.077,-8.837,-4.211,-3.686,-2.396,-2.354,-1.846,-1.766,-1.302,-1.244,-1.043
2026-09-01T21:39:07.945878,11975.35,262927.0,21.96,125.0,81.57,662.727,-51.818,-9.374,-8.204,-3.644,-3.178,-1.941,-1.947,-1.481,-1.437,-1.005,-0.979,-0.807
2026-09-01T21:39:08.146888,3063.6,65802.0,21.48,125.0,69.72,532.676,-52.408,-9.609,-8.238,-3.715,-3.36,-2.168,-2.104,-1.483,-1.272,-0.568,0.053,0.585
2026-09-01T21:39:08.345915,185454.36,4196353.0,22.63,125.0,105.36,808.645,-51.759,-9.322,-8.158,-3.603,-3.141,-1.907,-1.916,-1.454,-1.416,-0.988,-0.964,-0.793
2026-09-01T21:39:08.545504,30.42,688.0,22.62,125.0,29.66,352.674,-51.396,-9.002,-7.881,-3.366,-2.938,-1.735,-1.772,-1.337,-1.322,-0.915,-0.916,-0.757
2026-09-01T21:39:08.744581,83812.94,1728511.0,20.62,125.0,98.47,652.801,-51.56,-8.887,-7.404,-2.598,-2.005,-0.736,-0.727,-0.573,-0.93,-0.797,-1.232,-1.939
2026-09-01T21:39:08.945978,370003.56,8372225.0,22.63,125.0,111.36,792.856,-52.5,-9.995,-8.762,-4.143,-3.624,-2.339,-2.303,-1.8,-1.725,-1.263,-1.209,-1.01
2026-09-01T21:39:09.146325,15844.85,358528.0,22.63,93.7,84.0,581.492,-50.204,-7.967,-7.0,-2.618,-2.303,-1.193,-1.307,-0.934,-0.972,-0.609,-0.642,-0.519
2026-09-01T21:39:09.346234,194108.77,4325375.0,22.28,125.0,105.76,770.621,-52.283,-9.797,-8.585,-3.984,-3.478,-2.21,-2.198,-1.718,-1.645,-1.166,-1.098,-0.897
2026-09-01T21:39:09.544533,104420.54,2362767.0,22.63,125.0,100.38,779.973,-51.702,-9.27,-8.112,-3.563,-3.106,-1.876,-1.889,-1.43,-1.395,-0.969,-0.948,-0.779
2026-09-01T21:39:09.745676,0.97,8.0,8.28,125.0,0.0,89.198,-29.264,4.038,0.425,2.566,1.767,2.168,1.505,1.408,1.124,1.047,0.446,0.137
2026-09-01T21:39:09.945959,289631.0,6553600.0,22.63,93.7,109.24,730.516,-50.211,-7.973,-7.005,-2.622,-2.306,-1.196,-1.308,-0.935,-0.973,-0.611,-0.643,-0.52
2026-09-01T21:39:10.145979,370727.63,8388608.0,22.63,125.0,111.38,828.641,-51.08,-8.72,-7.634,-3.148,-2.747,-1.565,-1.619,-1.196,-1.192,-0.793,-0.796,-0.647
2026-09-01T21:39:10.346005,69511.02,1572855.0,22.63,93.7,96.84,759.636,-51.593,-9.173,-8.027,-3.488,-3.04,-1.819,-1.839,-1.386,-1.356,-0.935,-0.918,-0.753
2026-09-01T21:39:10.545863,94311.04,2134015.0,22.63,125.0,99.49,738.603,-52.328,-9.837,-8.618,-4.013,-3.506,-2.233,-2.207,-1.713,-1.647,-1.193,-1.146,-0.955
2026-09-01T21:39:10.745978,8058.02,180224.0,22.37,125.0,78.12,645.422,-51.741,-9.305,-8.143,-3.59,-3.13,-1.897,-1.908,-1.448,-1.41,-0.982,-0.958,-0.787
2026-09-01T21:39:10.945806,460184.47,8297987.0,18.03,125.0,113.26,824.207,-51.779,-9.338,-8.168,-3.608,-3.132,-1.88,-1.882,-1.433,-1.426,-1.018,-0.992,-0.808
2026-09-01T21:39:11.145900,7.34,134.0,18.24,125.0,17.32,160.375,-45.387,-2.437,-2.423,0.843,-0.61,-1.13,-2.169,-2.273,-1.227,2.046,2.846,0.724
2026-09-01T21:39:11.345906,139929.3,3145728.0,22.48,125.0,102.92,772.314,-50.995,-8.646,-7.57,-3.095,-2.703,-1.531,-1.591,-1.17,-1.165,-0.767,-0.773,-0.629
2026-09-01T21:39:11.545994,231874.33,5246717.0,22.63,125.0,107.31,821.899,-51.531,-9.118,-7.978,-3.446,-3.003,-1.787,-1.81,-1.361,-1.335,-0.917,-0.902,-0.739
2026-09-01T21:39:11.744721,186500.34,4193279.0,22.48,125.0,105.41,753.952,-50.582,-8.289,-7.272,-2.85,-2.503,-1.373,-1.464,-1.042,-1.035,-0.639,-0.628,-0.472
2026-09-01T21:39:11.945974,115852.38,2621440.0,22.63,125.0,101.28,785.718,-51.679,-9.249,-8.094,-3.546,-3.091,-1.864,-1.878,-1.42,-1.386,-0.962,-0.941,-0.773
2026-09-01T21:39:12.145658,0.93,4.0,4.31,125.0,0.0,81.85,-26.589,4.546,0.525,2.744,1.969,2.33,1.62,1.405,0.796,0.442,-0.577,-1.238
2026-09-01T21:39:12.343870,75307.57,1703937.0,22.63,93.7,97.54,761.229,-51.419,-9.018,-7.891,-3.37,-2.937,-1.729,-1.76,-1.318,-1.297,-0.884,-0.873,-0.714
2026-09-01T21:39:12.745875,414486.06,8388608.0,20.24,125.0,112.35,816.316,-44.286,-14.702,-5.856,-5.795,-2.406,-3.031,-1.694,-2.125,-1.382,-1.431,-0.995,-1.099
2026-09-01T21:39:12.946249,13067.29,295679.0,22.63,93.7,82.32,668.41,-51.362,-8.968,-7.848,-3.332,-2.905,-1.701,-1.736,-1.296,-1.278,-0.868,-0.859,-0.702
2026-09-01T21:39:13.145762,3.01,65.0,21.57,125.0,9.58,201.91,-50.252,-7.93,-6.897,-2.489,-2.197,-1.152,-1.364,-1.118,-1.276,-0.987,-1.011,-0.782
2026-09-01T21:39:13.344545,334169.34,6291456.0,18.83,125.0,110.48,810.468,-51.53,-9.117,-7.977,-3.443,-2.998,-1.777,-1.799,-1.354,-1.335,-0.923,-0.907,-0.741
2026-09-01T21:39:13.544250,45.98,1032.0,22.44,125.0,33.25,349.834,-52.315,-9.836,-8.631,-4.038,-3.544,-2.281,-2.262,-1.772,-1.709,-1.257,-1.206,-1.003
2026-09-01T21:39:13.744211,90426.08,2015232.0,22.29,125.0,99.13,771.237,-51.586,-9.142,-7.99,-3.471,-3.054,-1.856,-1.868,-1.377,-1.303,-0.799,-0.582,-0.298
2026-09-01T21:39:13.945802,373982.94,8388607.0,22.43,125.0,111.46,763.952,-50.514,-8.232,-7.223,-2.808,-2.469,-1.328,-1.387,-0.967,-0.981,-0.601,-0.617,-0.477
2026-09-01T21:39:14.145366,2905.1,65663.0,22.6,125.0,69.26,500.906,-52.749,-10.224,-8.97,-4.331,-3.793,-2.491,-2.444,-1.938,-1.861,-1.407,-1.386,-1.202
2026-09-01T21:39:14.345840,242754.61,5390303.0,22.2,125.0,107.7,818.236,-52.087,-9.591,-8.381,-3.804,-3.336,-2.113,-2.117,-1.581,-1.379,-0.764,-0.523,-0.075
2026-09-01T21:39:14.545744,3982.47,90113.0,22.63,125.0,72.0,528.45,-52.71,-10.19,-8.94,-4.305,-3.772,-2.475,-2.426,-1.912,-1.827,-1.356,-1.293,-1.086
2026-09-01T21:39:14.745630,14036.87,249856.0,17.8,125.0,82.95,597.738,-50.728,-8.165,-6.922,-2.398,-2.067,-0.955,-1.111,-0.916,-1.052,-0.983,-1.653,-2.081
2026-09-01T21:39:14.945729,334342.66,7565311.0,22.63,125.0,110.48,769.249,-52.647,-10.131,-8.886,-4.256,-3.727,-2.433,-2.388,-1.877,-1.795,-1.327,-1.266,-1.062
2026-09-01T21:39:15.145805,91671.33,1490912.0,16.26,125.0,99.24,760.611,-53.752,-10.595,-8.909,-4.187,-3.704,-2.553,-2.552,-1.631,-1.114,-0.088,0.769,1.621
2026-09-01T21:39:15.345752,1448.2,32769.0,22.63,125.0,63.22,495.864,-52.581,-10.07,-8.83,-4.206,-3.681,-2.392,-2.351,-1.843,-1.764,-1.299,-1.242,-1.04
2026-09-01T21:39:15.545803,4344.46,98304.0,22.63,125.0,72.76,601.145,-52.033,-9.569,-8.377,-3.797,-3.313,-2.06,-2.052,-1.574,-1.522,-1.082,-1.047,-0.866
2026-09-01T21:39:15.745895,9956.06,225280.0,22.63,125.0,79.96,651.369,-51.288,-8.902,-7.791,-3.283,-2.862,-1.664,-1.704,-1.269,-1.255,-0.848,-0.842,-0.687
2026-09-01T21:39:15.946274,92.24,2087.0,22.63,125.0,39.3,413.156,-51.736,-9.299,-8.135,-3.58,-3.118,-1.885,-1.894,-1.432,-1.395,-0.969,-0.95,-0.785
2026-09-01T21:39:16.145020,103621.52,2097152.0,20.24,125.0,100.31,690.69,-53.537,-10.126,-8.125,-3.14,-2.615,-1.437,-1.588,-1.408,-1.479,-1.546,-2.689,-3.574
2026-09-01T21:39:16.345686,29142.3,659415.0,22.63,125.0,89.29,713.53,-51.707,-9.274,-8.116,-3.566,-3.108,-1.879,-1.891,-1.432,-1.396,-0.971,-0.949,-0.78
2026-09-01T21:39:16.545458,5.62,125.0,22.24,125.0,14.99,217.46,-50.375,-7.987,-6.88,-2.387,-1.992,-0.824,-0.909,-0.555,-0.626,-0.339,-0.504,-0.517
2026-09-01T21:39:16.745605,344657.94,7798719.0,22.63,93.7,110.75,842.661,-51.655,-9.228,-8.075,-3.53,-3.077,-1.851,-1.867,-1.411,-1.378,-0.954,-0.935,-0.767
2026-09-01T21:39:16.946444,325125.66,6291456.0,19.35,125.0,110.24,799.23,-51.438,-9.035,-7.912,-3.399,-2.983,-1.794,-1.827,-1.363,-1.304,-0.853,-0.782,-0.597
2026-09-01T21:39:17.146134,1.34,22.0,16.41,125.0,2.55,89.242,-25.729,4.176,0.153,2.379,1.442,1.681,1.212,1.184,0.452,-0.117,-0.97,-1.862
2026-09-01T21:39:17.346340,11.39,257.0,22.56,125.0,21.13,235.554,-52.09,-9.631,-8.452,-3.892,-3.435,-2.22,-2.261,-1.839,-1.839,-1.441,-1.429,-1.231
2026-09-01T21:39:17.543575,19.11,432.0,22.6,93.7,25.63,231.044,-50.074,-7.888,-6.973,-2.64,-2.37,-1.302,-1.452,-1.11,-1.175,-0.833,-0.873,-0.741
2026-09-01T21:39:17.744550,26237.3,591871.0,22.56,125.0,88.38,670.125,-50.859,-8.516,-7.457,-3.012,-2.653,-1.506,-1.57,-1.135,-1.114,-0.665,-0.523,-0.288
2026-09-01T21:39:17.945992,364945.22,8257536.0,22.63,93.7,111.24,842.755,-51.793,-9.351,-8.182,-3.623,-3.158,-1.92,-1.927,-1.468,-1.431,-1.009,-0.998,-0.838
2026-09-01T21:39:18.145033,367650.28,8318976.0,22.63,125.0,111.31,832.191,-51.15,-8.781,-7.686,-3.193,-2.785,-1.598,-1.647,-1.22,-1.212,-0.811,-0.811,-0.66
2026-09-01T21:39:18.345311,95587.7,2097151.0,21.94,125.0,99.61,704.929,-51.544,-9.126,-7.981,-3.445,-3.001,-1.778,-1.798,-1.358,-1.331,-0.932,-0.955,-0.802
2026-09-01T21:39:18.545170,13.24,292.0,22.05,125.0,22.44,294.909,-51.183,-8.816,-7.723,-3.231,-2.823,-1.637,-1.687,-1.261,-1.256,-0.852,-0.835,-0.662
2026-09-01T21:39:18.744296,23.35,513.0,21.97,125.0,27.36,270.386,-51.992,-9.417,-8.126,-3.501,-3.041,-1.817,-1.874,-1.57,-1.64,-1.451,-1.873,-2.061
2026-09-01T21:39:18.945121,0.91,1.0,1.09,125.0,0.0,66.943,-18.947,4.467,0.41,2.677,1.884,2.233,1.593,1.413,0.882,0.596,-0.437,-1.148
2026-09-01T21:39:19.145442,370727.59,8388608.0,22.63,93.7,111.38,846.589,-51.636,-9.211,-8.06,-3.517,-3.066,-1.841,-1.858,-1.403,-1.371,-0.949,-0.929,-0.763
2026-09-01T21:39:19.345143,6536.28,131072.0,20.05,125.0,76.31,591.511,-52.088,-9.618,-8.42,-3.834,-3.344,-2.097,-2.122,-1.673,-1.632,-1.196,-1.165,-0.99
2026-09-01T21:39:19.546303,175655.56,3948543.0,22.48,125.0,104.89,689.569,-52.219,-9.743,-8.585,-4.069,-3.699,-2.564,-2.642,-2.134,-1.857,-0.973,-0.699,-0.658
2026-09-01T21:39:19.746251,7240.77,163840.0,22.63,125.0,77.2,607.298,-50.827,-8.5,-7.446,-2.989,-2.611,-1.45,-1.521,-1.112,-1.121,-0.733,-0.745,-0.604
2026-09-01T21:39:19.945501,37763.28,720896.0,19.09,93.7,91.54,719.127,-51.629,-9.204,-8.054,-3.511,-3.059,-1.834,-1.851,-1.398,-1.367,-0.944,-0.932,-0.776
2026-09-01T21:39:20.145475,93724.8,2099200.0,22.4,125.0,99.44,745.598,-52.222,-9.739,-8.53,-3.934,-3.435,-2.167,-2.143,-1.652,-1.587,-1.135,-1.09,-0.9
2026-09-01T21:39:20.346122,23171.28,524289.0,22.63,93.7,87.3,594.248,-52.909,-10.147,-8.997,-4.319,-3.802,-2.493,-2.448,-1.929,-1.844,-1.37,-1.307,-1.098
2026-09-01T21:39:20.546121,146214.66,3305791.0,22.61,125.0,103.3,782.556,-52.053,-9.587,-8.394,-3.812,-3.326,-2.072,-2.063,-1.584,-1.53,-1.088,-1.052,-0.871
2026-09-01T21:39:20.946115,141122.38,3125248.0,22.15,125.0,102.99,795.713,-51.569,-9.062,-7.841,-3.264,-2.821,-1.596,-1.635,-1.295,-1.343,-1.101,-1.44,-1.579
2026-09-01T21:39:21.146169,5793.41,131074.0,22.62,125.0,75.26,588.402,-50.726,-8.412,-7.372,-2.926,-2.558,-1.404,-1.481,-1.08,-1.095,-0.712,-0.727,-0.589
2026-09-01T21:39:21.345392,185410.09,4195303.0,22.63,125.0,105.36,801.957,-51.252,-8.87,-7.762,-3.257,-2.839,-1.643,-1.686,-1.255,-1.247,-0.848,-0.851,-0.708
2026-09-01T21:39:21.544987,243290.25,5505024.0,22.63,125.0,107.72,775.969,-50.635,-8.334,-7.305,-2.871,-2.512,-1.367,-1.45,-1.053,-1.071,-0.691,-0.71,-0.575
2026-09-01T21:39:21.745349,80480.32,1802239.0,22.39,125.0,98.11,760.412,-51.31,-8.922,-7.808,-3.298,-2.875,-1.675,-1.715,-1.279,-1.264,-0.856,-0.85,-0.695
2026-09-01T21:39:21.946163,278045.69,6291456.0,22.63,125.0,108.88,811.373,-52.123,-9.65,-8.45,-3.862,-3.371,-2.111,-2.097,-1.615,-1.558,-1.114,-1.075,-0.891
2026-09-01T21:39:22.145374,394017.81,6881280.0,17.46,125.0,111.91,817.766,-51.272,-8.888,-7.778,-3.271,-2.849,-1.655,-1.708,-1.284,-1.274,-0.869,-0.866,-0.714
2026-09-01T21:39:22.344439,103622.11,2097152.0,20.24,125.0,100.31,735.17,-51.406,-9.005,-7.878,-3.353,-2.911,-1.698,-1.726,-1.284,-1.292,-0.904,-0.889,-0.733
2026-09-01T21:39:22.546183,185822.44,4195329.0,22.58,125.0,105.38,798.538,-51.186,-8.813,-7.714,-3.217,-2.805,-1.615,-1.662,-1.233,-1.224,-0.822,-0.821,-0.669
2026-09-01T21:39:22.744136,93763.3,2120608.0,22.62,125.0,99.44,756.894,-52.075,-9.598,-8.396,-3.806,-3.312,-2.06,-2.055,-1.585,-1.58,-1.191,-1.197,-1.089
2026-09-01T21:39:22.944554,289052.0,6291456.0,21.77,125.0,109.22,827.4,-51.342,-8.935,-7.8,-3.274,-2.844,-1.632,-1.668,-1.272,-1.289,-0.948,-1.067,-1.017
2026-09-01T21:39:23.145972,181.02,4096.0,22.63,125.0,45.15,446.126,-51.814,-9.37,-8.199,-3.638,-3.17,-1.932,-1.937,-1.471,-1.43,-1.0,-0.976,-0.806
2026-09-01T21:39:23.346143,370727.59,8388608.0,22.63,125.0,111.38,839.701,-51.293,-8.907,-7.795,-3.287,-2.865,-1.667,-1.706,-1.271,-1.256,-0.849,-0.843,-0.688
2026-09-01T21:39:23.546160,189713.8,4292608.0,22.63,125.0,105.56,733.873,-50.301,-8.049,-7.068,-2.674,-2.35,-1.232,-1.339,-0.96,-0.992,-0.624,-0.654,-0.528
2026-09-01T21:39:23.743690,9621.27,217087.0,22.56,125.0,79.66,592.504,-52.626,-10.111,-8.871,-4.248,-3.724,-2.439,-2.398,-1.868,-1.77,-1.27,-1.149,-0.895
2026-09-01T21:39:23.944625,66.47,1504.0,22.63,125.0,36.45,309.132,-50.322,-8.081,-7.11,-2.724,-2.406,-1.293,-1.403,-1.026,-1.06,-0.692,-0.717,-0.584
2026-09-01T21:39:24.145278,278108.22,6292737.0,22.63,125.0,108.88,811.28,-51.041,-8.685,-7.604,-3.123,-2.725,-1.547,-1.603,-1.182,-1.18,-0.783,-0.787,-0.64
2026-09-01T21:39:24.345520,261177.8,5761791.0,22.06,125.0,108.34,826.874,-51.653,-9.224,-8.069,-3.52,-3.065,-1.838,-1.854,-1.404,-1.385,-0.979,-0.983,-0.849
2026-09-01T21:39:24.545183,243.03,5499.0,22.63,125.0,47.71,455.737,-51.239,-8.86,-7.755,-3.253,-2.837,-1.643,-1.687,-1.255,-1.243,-0.838,-0.833,-0.679
2026-09-01T21:39:24.744893,175226.72,3964928.0,22.63,125.0,104.87,800.079,-51.912,-9.459,-8.279,-3.71,-3.235,-1.991,-1.99,-1.519,-1.474,-1.039,-1.008,-0.832
2026-09-01T21:39:24.946068,370951.44,8388608.0,22.61,125.0,111.39,775.598,-52.705,-10.181,-8.935,-4.311,-3.784,-2.5,-2.457,-1.911,-1.795,-1.267,-1.103,-0.812
2026-09-01T21:39:25.145757,44938.01,1016831.0,22.63,125.0,93.05,736.681,-51.66,-9.232,-8.079,-3.533,-3.08,-1.854,-1.869,-1.413,-1.379,-0.956,-0.936,-0.768
2026-09-01T21:39:25.344663,0.91,1.0,1.1,125.0,0.0,55.725,-11.217,2.03,0.912,2.482,2.006,2.154,1.577,1.285,0.805,0.464,-0.557,-1.388
2026-09-01T21:39:25.546019,2126.98,48128.0,22.63,93.7,66.56,574.733,-51.813,-9.37,-8.201,-3.641,-3.174,-1.937,-1.943,-1.478,-1.437,-1.006,-0.98,-0.807
2026-09-01T21:39:25.745385,127981.59,2228224.0,17.41,125.0,102.14,746.938,-52.088,-9.415,-8.105,-3.595,-3.275,-2.074,-2.001,-1.483,-1.353,-0.664,-0.305,0.219
2026-09-01T21:39:25.945803,310751.19,5438911.0,17.5,125.0,109.85,704.295,-54.386,-8.861,-6.561,-0.846,1.418,3.934,4.319,3.439,-1.038,-5.043,-6.202,-2.96
2026-09-01T21:39:26.145247,359187.72,8126465.0,22.62,125.0,111.11,813.233,-52.278,-9.792,-8.579,-3.979,-3.478,-2.21,-2.186,-1.692,-1.625,-1.166,-1.103,-0.903
2026-09-01T21:39:26.345410,31859.98,720896.0,22.63,125.0,90.06,718.325,-51.694,-9.262,-8.105,-3.555,-3.098,-1.868,-1.881,-1.426,-1.394,-0.975,-0.964,-0.805
2026-09-01T21:39:26.545334,10134.25,229312.0,22.63,125.0,80.12,608.018,-52.479,-9.976,-8.745,-4.127,-3.61,-2.327,-2.292,-1.79,-1.716,-1.255,-1.202,-1.004
2026-09-01T21:39:26.744977,0.93,1.0,1.07,93.7,0.0,68.208,-12.55,0.93,0.191,2.143,1.829,1.86,1.042,0.618,-0.212,-0.8,-1.769,-2.828
2026-09-01T21:39:26.945925,370489.81,8382496.0,22.63,125.0,111.38,821.31,-50.964,-8.618,-7.547,-3.074,-2.684,-1.511,-1.572,-1.156,-1.158,-0.765,-0.773,-0.629
2026-09-01T21:39:27.145335,370728.84,8388607.0,22.63,125.0,111.38,718.6,-52.302,-9.813,-8.597,-3.994,-3.49,-2.219,-2.195,-1.702,-1.637,-1.184,-1.134,-0.94
2026-09-01T21:39:27.345180,140471.47,3178496.0,22.63,125.0,102.95,762.062,-50.835,-8.506,-7.451,-2.994,-2.615,-1.453,-1.523,-1.114,-1.123,-0.735,-0.746,-0.606
2026-09-01T21:39:27.544881,185273.69,4192255.0,22.63,93.7,105.36,808.441,-51.434,-9.031,-7.903,-3.38,-2.946,-1.737,-1.767,-1.323,-1.302,-0.888,-0.877,-0.717
2026-09-01T21:39:27.745740,437442.16,8388607.0,19.18,187.5,112.82,788.012,-68.996,-6.295,-7.613,-2.605,-2.671,-1.369,-1.559,-1.075,-1.124,-0.698,-0.75,-0.585
2026-09-01T21:39:27.945917,33307.61,753665.0,22.63,93.7,90.45,717.586,-51.378,-8.982,-7.86,-3.343,-2.914,-1.71,-1.743,-1.303,-1.283,-0.872,-0.861,-0.702
2026-09-01T21:39:28.145826,139022.84,3145728.0,22.63,125.0,102.86,759.956,-52.315,-9.825,-8.608,-4.004,-3.498,-2.225,-2.2,-1.707,-1.641,-1.188,-1.141,-0.95
2026-09-01T21:39:28.345082,293772.5,6291456.0,21.42,125.0,109.36,718.08,-52.449,-9.662,-8.187,-3.446,-2.922,-1.666,-1.744,-1.516,-1.625,-1.52,-2.153,-2.525
2026-09-01T21:39:28.544948,1.21,18.0,14.9,125.0,1.64,110.369,-36.133,1.855,-0.156,2.398,1.64,2.093,1.517,1.42,0.907,0.799,0.209,-0.234
2026-09-01T21:39:28.743401,0.92,2.0,2.17,125.0,0.0,79.763,-21.597,4.002,-0.096,2.187,1.352,1.692,1.035,0.78,0.313,-0.019,-1.317,-2.213
2026-09-01T21:39:28.945347,80244.24,1380315.0,17.2,125.0,98.09,751.81,-52.759,-9.588,-7.804,-2.949,-2.471,-1.299,-1.438,-1.249,-1.335,-1.364,-2.379,-3.138
2026-09-01T21:39:29.345796,191074.14,4194304.0,21.95,125.0,105.62,740.647,-51.598,-9.178,-8.031,-3.494,-3.041,-1.812,-1.828,-1.373,-1.339,-0.901,-0.848,-0.629
2026-09-01T21:39:29.544991,727.04,16451.0,22.63,125.0,57.23,425.423,-50.185,-7.949,-6.982,-2.601,-2.286,-1.176,-1.289,-0.916,-0.955,-0.593,-0.626,-0.506
2026-09-01T21:39:29.745010,46340.95,1048576.0,22.63,125.0,93.32,729.326,-51.243,-8.863,-7.757,-3.254,-2.837,-1.643,-1.685,-1.253,-1.241,-0.835,-0.832,-0.678
2026-09-01T21:39:29.945025,115852.38,2621440.0,22.63,125.0,101.28,718.31,-50.403,-8.135,-7.139,-2.733,-2.398,-1.271,-1.371,-0.986,-1.015,-0.645,-0.671,-0.543
2026-09-01T21:39:30.144981,362056.78,8175616.0,22.58,125.0,111.18,842.433,-51.385,-8.978,-7.844,-3.317,-2.885,-1.672,-1.705,-1.296,-1.301,-0.94,-1.029,-0.952
2026-09-01T21:39:30.345028,208403.72,4713471.0,22.62,125.0,106.38,811.089,-51.866,-9.417,-8.242,-3.677,-3.207,-1.966,-1.968,-1.5,-1.456,-1.023,-0.995,-0.82
2026-09-01T21:39:30.544989,69511.42,1572864.0,22.63,125.0,96.84,754.572,-51.341,-8.95,-7.832,-3.318,-2.893,-1.691,-1.727,-1.289,-1.272,-0.862,-0.854,-0.698
2026-09-01T21:39:30.744950,359142.38,8126464.0,22.63,125.0,111.11,831.055,-52.027,-9.563,-8.372,-3.793,-3.309,-2.056,-2.048,-1.571,-1.519,-1.079,-1.044,-0.864
2026-09-01T21:39:30.945677,131815.88,2736128.0,20.76,125.0,102.4,733.482,-52.277,-9.522,-8.162,-3.604,-3.194,-2.072,-2.142,-1.438,-1.139,-0.334,0.27,0.905
2026-09-01T21:39:31.144880,23350.8,524288.0,22.45,125.0,87.37,693.049,-51.954,-9.439,-8.202,-3.598,-3.118,-1.861,-1.866,-1.479,-1.493,-1.195,-1.439,-1.496
2026-09-01T21:39:31.344968,336583.03,6291456.0,18.69,125.0,110.54,791.289,-51.275,-8.882,-7.757,-3.235,-2.804,-1.61,-1.688,-1.306,-1.315,-0.946,-1.015,-0.927
2026-09-01T21:39:31.544895,24.07,511.0,21.23,125.0,27.63,341.53,-51.603,-9.174,-8.02,-3.472,-3.016,-1.788,-1.802,-1.345,-1.312,-0.89,-0.876,-0.723
2026-09-01T21:39:31.745002,23193.13,524289.0,22.61,125.0,87.31,652.02,-52.452,-9.95,-8.72,-4.104,-3.588,-2.305,-2.269,-1.768,-1.696,-1.243,-1.199,-1.01
2026-09-01T21:39:31.944658,1.76,34.0,19.31,93.7,4.91,204.158,-49.278,-7.016,-6.02,-1.612,-1.271,-0.144,-0.257,0.098,0.002,0.239,-0.003,-0.169
2026-09-01T21:39:32.144875,2896.35,65537.0,22.63,125.0,69.24,582.873,-51.198,-8.823,-7.722,-3.224,-2.812,-1.621,-1.667,-1.237,-1.227,-0.824,-0.821,-0.669
2026-09-01T21:39:32.344719,0.93,1.0,1.08,93.7,0.0,68.386,-12.242,1.322,0.383,1.958,1.475,1.676,1.104,0.827,0.331,0.025,-1.264,-2.15
2026-09-01T21:39:32.544666,185386.16,4194304.0,22.62,125.0,105.36,745.657,-52.598,-10.086,-8.845,-4.219,-3.693,-2.403,-2.364,-1.858,-1.779,-1.314,-1.256,-1.054
2026-09-01T21:39:32.745150,23152.83,492543.0,21.27,93.7,87.29,701.637,-51.885,-9.181,-7.795,-3.139,-2.686,-1.469,-1.532,-1.256,-1.327,-1.197,-1.804,-2.182
2026-09-01T21:39:32.944645,90.52,2048.0,22.62,125.0,39.14,393.205,-51.115,-8.614,-7.598,-3.095,-2.71,-1.528,-1.588,-1.162,-1.155,-0.749,-0.745,-0.585
2026-09-01T21:39:33.144817,11834.14,267776.0,22.63,93.7,81.46,665.426,-51.764,-9.326,-8.162,-3.606,-3.144,-1.91,-1.919,-1.456,-1.418,-0.989,-0.965,-0.794
2026-09-01T21:39:33.345185,5796.82,131167.0,22.63,125.0,75.26,607.972,-52.152,-9.676,-8.473,-3.883,-3.389,-2.128,-2.112,-1.628,-1.57,-1.124,-1.085,-0.899
2026-09-01T21:39:33.544701,0.94,1.0,1.07,125.0,0.0,68.679,-12.388,1.12,0.293,2.098,1.663,1.693,0.992,0.584,0.109,-0.232,-1.454,-2.533
2026-09-01T21:39:33.743143,45.32,1025.0,22.62,125.0,33.13,351.655,-52.093,-9.615,-8.41,-3.817,-3.321,-2.057,-2.042,-1.563,-1.512,-1.08,-1.07,-0.908
2026-09-01T21:39:33.944722,61546.57,1392640.0,22.63,93.7,95.78,753.153,-51.645,-9.22,-8.068,-3.524,-3.071,-1.846,-1.862,-1.407,-1.375,-0.952,-0.932,-0.766
2026-09-01T21:39:34.145583,278982.16,6307199.0,22.61,125.0,108.91,777.963,-50.572,-8.28,-7.259,-2.832,-2.478,-1.338,-1.431,-1.041,-1.063,-0.688,-0.711,-0.58
2026-09-01T21:39:34.344741,523648.41,8388607.0,16.02,93.7,114.38,843.319,-51.402,-9.003,-7.877,-3.357,-2.922,-1.71,-1.741,-1.304,-1.293,-0.887,-0.877,-0.715
2026-09-01T21:39:34.544539,0.91,1.0,1.1,125.0,0.0,55.998,-11.282,2.083,0.975,2.469,1.976,2.208,1.685,1.443,0.963,0.712,-0.427,-1.192
2026-09-01T21:39:34.743260,185363.8,4194304.0,22.63,93.7,105.36,810.57,-51.631,-9.207,-8.057,-3.514,-3.063,-1.839,-1.856,-1.401,-1.369,-0.947,-0.928,-0.762
2026-09-01T21:39:34.944788,193885.7,4259840.0,21.97,125.0,105.75,771.091,-50.725,-8.378,-7.309,-2.85,-2.46,-1.293,-1.377,-0.968,-1.04,-0.806,-0.917,-0.927
2026-09-01T21:39:35.144754,366.24,8287.0,22.63,93.7,51.28,379.842,-52.706,-10.184,-8.933,-4.297,-3.762,-2.464,-2.416,-1.902,-1.817,-1.347,-1.285,-1.079
2026-09-01T21:39:35.344661,23251.1,524288.0,22.55,125.0,87.33,679.196,-52.161,-9.684,-8.481,-3.889,-3.393,-2.13,-2.114,-1.629,-1.573,-1.13,-1.089,-0.903
2026-09-01T21:39:35.544649,95498.7,2160640.0,22.62,125.0,99.6,646.589,-52.077,-9.609,-8.414,-3.83,-3.341,-2.089,-2.094,-1.628,-1.579,-1.14,-1.107,-0.929
2026-09-01T21:39:35.744793,191156.47,4325377.0,22.63,125.0,105.63,734.247,-50.302,-8.049,-7.068,-2.674,-2.349,-1.231,-1.338,-0.959,-0.993,-0.626,-0.656,-0.53
2026-09-01T21:39:35.943573,92681.97,2097152.0,22.63,125.0,99.34,650.981,-52.525,-10.018,-8.783,-4.162,-3.64,-2.354,-2.316,-1.813,-1.738,-1.277,-1.227,-1.031
2026-09-01T21:39:36.144729,186784.84,4194304.0,22.46,125.0,105.43,759.447,-50.661,-8.356,-7.323,-2.885,-2.518,-1.363,-1.443,-1.051,-1.084,-0.714,-0.731,-0.59
2026-09-01T21:39:36.344715,231995.63,5242880.0,22.6,125.0,107.31,714.212,-52.495,-9.988,-8.751,-4.125,-3.604,-2.321,-2.282,-1.771,-1.689,-1.236,-1.204,-1.005
2026-09-01T21:39:36.544642,2896.31,65536.0,22.63,125.0,69.24,576.814,-52.084,-9.615,-8.418,-3.834,-3.346,-2.089,-2.078,-1.598,-1.543,-1.101,-1.064,-0.881
2026-09-01T21:39:36.744653,4.99,111.0,22.25,125.0,13.96,252.459,-50.653,-8.284,-7.186,-2.688,-2.27,-1.072,-1.113,-0.681,-0.684,-0.321,-0.399,-0.368
2026-09-01T21:39:36.944681,45797.85,1036287.0,22.63,125.0,93.22,735.668,-51.769,-9.33,-8.165,-3.609,-3.146,-1.912,-1.921,-1.458,-1.419,-0.991,-0.966,-0.795
2026-09-01T21:39:37.144834,5792.73,131073.0,22.63,125.0,75.26,567.963,-52.574,-10.063,-8.824,-4.199,-3.675,-2.386,-2.345,-1.839,-1.761,-1.295,-1.236,-1.033
2026-09-01T21:39:37.545417,185375.11,4194560.0,22.63,125.0,105.36,729.755,-50.277,-8.028,-7.051,-2.66,-2.337,-1.221,-1.33,-0.952,-0.987,-0.622,-0.652,-0.527
2026-09-01T21:39:37.744632,139022.86,3145728.0,22.63,125.0,102.86,695.873,-52.757,-10.233,-8.98,-4.342,-3.805,-2.505,-2.454,-1.937,-1.85,-1.377,-1.312,-1.103
2026-09-01T21:39:37.944577,120719.09,2686975.0,22.26,93.7,101.64,787.953,-51.626,-9.145,-7.937,-3.382,-2.927,-1.717,-1.731,-1.255,-1.181,-0.821,-0.911,-0.799
2026-09-01T21:39:38.144478,347750.03,7864321.0,22.61,125.0,110.83,798.981,-52.395,-9.898,-8.673,-4.061,-3.548,-2.271,-2.243,-1.747,-1.677,-1.221,-1.166,-0.969
2026-09-01T21:39:38.344598,0.89,1.0,1.12,125.0,0.0,66.457,-11.722,1.357,0.193,1.85,1.45,1.684,1.305,1.425,1.06,1.023,0.714,0.175
2026-09-01T21:39:38.544580,11.66,263.0,22.56,125.0,21.33,274.22,-50.558,-8.225,-7.164,-2.7,-2.316,-1.148,-1.208,-0.785,-0.778,-0.378,-0.382,-0.248
2026-09-01T21:39:38.742934,5747.36,130048.0,22.63,93.7,75.19,532.917,-50.201,-7.964,-6.998,-2.617,-2.302,-1.193,-1.306,-0.933,-0.972,-0.609,-0.642,-0.519
2026-09-01T21:39:38.944533,324451.44,7340033.0,22.62,125.0,110.22,810.584,-52.243,-9.759,-8.549,-3.951,-3.45,-2.182,-2.162,-1.674,-1.612,-1.162,-1.119,-0.928
2026-09-01T21:39:39.144575,94296.97,1572863.0,16.68,93.7,99.49,772.645,-52.512,-9.389,-7.577,-2.759,-2.274,-1.145,-1.178,-0.648,-0.476,-0.279,-0.683,-0.842
2026-09-01T21:39:39.344390,219938.52,4976640.0,22.63,125.0,106.85,806.465,-51.168,-8.797,-7.699,-3.205,-2.795,-1.606,-1.654,-1.226,-1.218,-0.816,-0.815,-0.664
2026-09-01T21:39:39.544505,370727.59,8388608.0,22.63,125.0,111.38,725.15,-50.56,-8.27,-7.252,-2.826,-2.475,-1.335,-1.424,-1.031,-1.053,-0.676,-0.697,-0.564
2026-09-01T21:39:39.745305,334169.31,6291456.0,18.83,125.0,110.48,786.564,-51.592,-9.177,-8.038,-3.517,-3.086,-1.876,-1.901,-1.471,-1.468,-1.078,-1.062,-0.883
2026-09-01T21:39:39.944592,369328.16,7536640.0,20.41,125.0,111.35,843.394,-52.512,-9.842,-8.502,-3.884,-3.416,-2.142,-2.193,-1.739,-1.601,-1.054,-1.114,-0.751
2026-09-01T21:39:40.144438,724.38,16384.0,22.62,125.0,57.2,470.098,-52.471,-9.967,-8.734,-4.116,-3.596,-2.313,-2.276,-1.773,-1.697,-1.235,-1.182,-0.984
2026-09-01T21:39:40.345301,92681.9,2097152.0,22.63,125.0,99.34,650.734,-50.674,-8.367,-7.334,-2.895,-2.532,-1.383,-1.465,-1.065,-1.081,-0.7,-0.716,-0.581
2026-09-01T21:39:40.544419,950.27,20480.0,21.55,125.0,59.56,506.555,-51.129,-8.758,-7.655,-3.17,-2.766,-1.586,-1.654,-1.265,-1.238,-0.853,-0.886,-0.664
2026-09-01T21:39:40.744332,2172.37,49152.0,22.63,125.0,66.74,578.822,-51.68,-9.249,-8.093,-3.545,-3.089,-1.862,-1.875,-1.415,-1.382,-0.957,-0.935,-0.772
2026-09-01T21:39:40.944564,370367.78,8380449.0,22.63,125.0,111.37,773.335,-50.347,-8.088,-7.1,-2.701,-2.371,-1.249,-1.353,-0.972,-1.004,-0.636,-0.663,-0.536
2026-09-01T21:39:41.144296,543.06,12288.0,22.63,93.7,54.7,507.295,-51.625,-9.201,-8.052,-3.51,-3.06,-1.837,-1.855,-1.401,-1.369,-0.948,-0.929,-0.763
2026-09-01T21:39:41.344454,200930.75,4546544.0,22.63,125.0,106.06,784.5,-50.89,-8.554,-7.492,-3.028,-2.644,-1.478,-1.544,-1.132,-1.138,-0.747,-0.757,-0.614
2026-09-01T21:39:41.544459,370727.66,8388607.0,22.63,93.7,111.38,840.155,-51.304,-8.916,-7.803,-3.293,-2.871,-1.672,-1.71,-1.274,-1.259,-0.851,-0.846,-0.691
2026-09-01T21:39:41.744373,191343.34,4194304.0,21.92,125.0,105.64,766.74,-56.569,-6.477,-7.916,-2.748,-2.656,-1.365,-1.516,-1.052,-1.091,-0.69,-0.748,-0.604
2026-09-01T21:39:41.944205,347586.94,7864320.0,22.63,125.0,110.82,714.269,-52.235,-9.751,-8.542,-3.944,-3.447,-2.18,-2.16,-1.674,-1.617,-1.153,-1.086,-0.889
2026-09-01T21:39:42.144396,185369.52,4194304.0,22.63,125.0,105.36,784.469,-52.2,-9.72,-8.512,-3.918,-3.42,-2.156,-2.137,-1.65,-1.59,-1.143,-1.101,-0.915
2026-09-01T21:39:42.344198,32050.96,722240.0,22.53,125.0,90.12,632.68,-52.419,-9.922,-8.7,-4.091,-3.589,-2.325,-2.298,-1.788,-1.691,-1.216,-1.166,-0.982
2026-09-01T21:39:42.543241,348281.19,7880704.0,22.63,125.0,110.84,823.085,-52.123,-9.65,-8.45,-3.862,-3.371,-2.111,-2.097,-1.615,-1.558,-1.114,-1.075,-0.891
2026-09-01T21:39:42.744394,191155.09,4227073.0,22.11,125.0,105.63,801.375,-51.653,-9.138,-7.939,-3.399,-3.022,-1.843,-1.889,-1.456,-1.471,-0.942,-0.761,-0.533
2026-09-01T21:39:42.944241,76750.03,1736655.0,22.63,125.0,97.7,649.442,-50.363,-8.101,-7.111,-2.709,-2.378,-1.255,-1.357,-0.975,-1.006,-0.637,-0.665,-0.538
2026-09-01T21:39:43.144369,11585.28,262145.0,22.63,125.0,81.28,599.742,-52.61,-10.096,-8.854,-4.227,-3.7,-2.409,-2.366,-1.858,-1.777,-1.311,-1.252,-1.049
2026-09-01T21:39:43.344527,326243.47,7077888.0,21.7,125.0,110.27,785.457,-51.167,-8.798,-7.7,-3.208,-2.805,-1.619,-1.646,-1.211,-1.206,-0.806,-0.797,-0.648
2026-09-01T21:39:43.543420,83543.15,1572864.0,18.83,125.0,98.44,756.283,-51.418,-9.019,-7.892,-3.372,-2.943,-1.735,-1.756,-1.309,-1.289,-0.877,-0.862,-0.704
2026-09-01T21:39:43.742723,35236.54,786432.0,22.32,125.0,90.94,654.051,-50.366,-8.087,-7.089,-2.683,-2.35,-1.215,-1.328,-0.942,-0.959,-0.617,-0.694,-0.606
2026-09-01T21:39:43.944316,153941.0,3473409.0,22.56,125.0,103.75,754.327,-52.385,-9.887,-8.662,-4.05,-3.537,-2.259,-2.236,-1.741,-1.671,-1.213,-1.165,-0.969
2026-09-01T21:39:44.144353,50685.37,1146879.0,22.63,125.0,94.1,742.226,-51.712,-9.279,-8.12,-3.569,-3.111,-1.881,-1.893,-1.434,-1.398,-0.972,-0.95,-0.781
2026-09-01T21:39:44.344252,23178.39,524288.0,22.62,125.0,87.3,691.005,-51.198,-8.823,-7.723,-3.224,-2.812,-1.62,-1.666,-1.237,-1.227,-0.824,-0.822,-0.669
2026-09-01T21:39:44.544109,93.96,2126.0,22.63,93.7,39.46,409.368,-51.914,-9.464,-8.287,-3.72,-3.248,-2.006,-2.008,-1.54,-1.497,-1.064,-1.035,-0.858
2026-09-01T21:39:44.744007,22.69,513.0,22.61,125.0,27.12,333.366,-51.312,-8.928,-7.819,-3.313,-2.894,-1.698,-1.74,-1.308,-1.297,-0.891,-0.884,-0.726
2026-09-01T21:39:44.944287,185363.8,4194304.0,22.63,93.7,105.36,806.716,-51.822,-9.378,-8.207,-3.646,-3.179,-1.941,-1.946,-1.481,-1.439,-1.008,-0.982,-0.809
2026-09-01T21:39:45.144237,330756.5,7405568.0,22.39,125.0,110.39,769.797,-52.495,-9.995,-8.764,-4.153,-3.638,-2.364,-2.343,-1.851,-1.779,-1.352,-1.298,-1.019
2026-09-01T21:39:45.344469,92659.94,2096639.0,22.63,125.0,99.34,774.252,-51.536,-9.122,-7.982,-3.449,-3.006,-1.789,-1.813,-1.363,-1.336,-0.918,-0.903,-0.74
2026-09-01T21:39:45.744211,203505.69,4194304.0,20.61,125.0,106.17,795.298,-51.162,-8.714,-7.504,-2.919,-2.464,-1.254,-1.253,-0.927,-1.061,-0.747,-0.931,-1.206
2026-09-01T21:39:45.944264,162199.8,3670016.0,22.63,93.7,104.2,800.435,-51.796,-9.354,-8.185,-3.625,-3.159,-1.922,-1.926,-1.464,-1.428,-1.001,-0.981,-0.824
2026-09-01T21:39:46.143964,56.62,1281.0,22.62,125.0,35.06,366.922,-52.086,-9.613,-8.412,-3.823,-3.332,-2.072,-2.058,-1.575,-1.519,-1.076,-1.038,-0.856
2026-09-01T21:39:46.344116,434871.38,7340032.0,16.88,125.0,112.77,833.559,-51.514,-9.103,-7.967,-3.436,-2.994,-1.78,-1.808,-1.361,-1.334,-0.911,-0.89,-0.719
2026-09-01T21:39:46.544149,20274.17,458752.0,22.63,125.0,86.14,668.783,-50.942,-8.6,-7.531,-3.061,-2.672,-1.502,-1.565,-1.149,-1.152,-0.76,-0.767,-0.623
2026-09-01T21:39:46.744210,269873.72,6094848.0,22.58,125.0,108.62,699.581,-51.357,-8.944,-7.816,-3.347,-2.968,-1.862,-2.011,-1.691,-1.746,-1.239,-0.996,-0.537
2026-09-01T21:39:46.944191,373298.44,7331841.0,19.64,125.0,111.44,794.953,-51.014,-8.663,-7.591,-3.119,-2.736,-1.572,-1.646,-1.232,-1.252,-0.908,-0.964,-0.78
2026-09-01T21:39:47.144019,185363.75,4194303.0,22.63,93.7,105.36,699.548,-52.728,-10.206,-8.955,-4.319,-3.784,-2.486,-2.436,-1.921,-1.835,-1.363,-1.299,-1.092
2026-09-01T21:39:47.343249,370727.59,8388608.0,22.63,125.0,111.38,806.11,-52.368,-9.874,-8.652,-4.043,-3.534,-2.258,-2.229,-1.733,-1.665,-1.209,-1.16,-0.967
2026-09-01T21:39:47.543895,0.9,2.0,2.22,93.7,0.0,82.863,-22.264,3.743,-0.552,1.862,1.283,1.838,1.177,1.009,0.613,0.583,-0.017,-0.637
2026-09-01T21:39:47.744044,47065.37,1064960.0,22.63,125.0,93.45,701.697,-50.784,-8.462,-7.414,-2.962,-2.588,-1.43,-1.504,-1.098,-1.108,-0.723,-0.737,-0.6
2026-09-01T21:39:47.944108,20295.33,459231.0,22.63,93.7,86.15,691.123,-51.357,-8.963,-7.844,-3.329,-2.902,-1.698,-1.734,-1.295,-1.277,-0.866,-0.858,-0.701
2026-09-01T21:39:48.144257,226134.84,4194304.0,18.55,125.0,107.09,768.815,-50.801,-8.35,-7.198,-2.685,-2.348,-1.232,-1.272,-0.769,-0.788,-0.466,-0.648,-0.615
2026-09-01T21:39:48.344044,362050.31,8192000.0,22.63,125.0,111.18,845.119,-51.536,-9.122,-7.982,-3.449,-3.006,-1.789,-1.813,-1.363,-1.336,-0.918,-0.903,-0.74
2026-09-01T21:39:48.543941,22962.76,502784.0,21.9,125.0,87.22,680.827,-52.09,-9.62,-8.422,-3.836,-3.344,-2.082,-2.068,-1.591,-1.545,-1.108,-1.07,-0.883
2026-09-01T21:39:48.742673,89347.56,1728511.0,19.35,125.0,99.02,763.893,-52.085,-9.161,-7.503,-2.695,-2.058,-0.794,-0.905,-0.644,-0.663,-0.343,-0.685,-1.194
2026-09-01T21:39:48.943759,189346.38,4284415.0,22.63,125.0,105.55,808.779,-51.793,-9.352,-8.184,-3.626,-3.161,-1.925,-1.932,-1.468,-1.428,-0.999,-0.973,-0.801
2026-09-01T21:39:49.143836,414486.03,8388607.0,20.24,125.0,112.35,831.735,-51.136,-8.768,-7.674,-3.181,-2.773,-1.584,-1.632,-1.205,-1.195,-0.786,-0.777,-0.634
2026-09-01T21:39:49.342702,45052.07,985087.0,21.87,125.0,93.07,658.343,-51.432,-9.031,-7.899,-3.367,-2.927,-1.709,-1.725,-1.272,-1.228,-0.751,-0.664,-0.506
2026-09-01T21:39:49.543969,79753.55,1461760.0,18.33,125.0,98.04,729.498,-73.58,-7.803,-8.0,-2.71,-2.73,-1.415,-1.589,-1.049,-1.038,-0.649,-0.808,-0.784
2026-09-01T21:39:49.744219,370738.88,8388607.0,22.63,125.0,111.38,726.123,-50.536,-8.249,-7.234,-2.812,-2.461,-1.32,-1.41,-1.021,-1.049,-0.677,-0.699,-0.566
2026-09-01T21:39:49.942461,21777.14,488383.0,22.43,125.0,86.76,672.567,-50.952,-8.609,-7.539,-3.069,-2.68,-1.51,-1.573,-1.157,-1.162,-0.774,-0.783,-0.638
2026-09-01T21:39:50.143045,292971.59,6291456.0,21.47,125.0,109.34,825.89,-52.144,-9.387,-7.978,-3.3,-2.816,-1.536,-1.618,-1.143,-1.026,-0.716,-0.944,-1.007
2026-09-01T21:39:50.343675,11585.28,262145.0,22.63,125.0,81.28,643.421,-51.0,-8.65,-7.573,-3.097,-2.703,-1.528,-1.587,-1.169,-1.168,-0.774,-0.779,-0.633
2026-09-01T21:39:50.543873,1482.55,32768.0,22.1,93.7,63.42,485.499,-51.159,-8.789,-7.695,-3.204,-2.808,-1.638,-1.692,-1.249,-1.206,-0.783,-0.782,-0.645
2026-09-01T21:39:50.743771,92.9,2102.0,22.63,125.0,39.36,386.26,-50.879,-8.54,-7.475,-3.008,-2.621,-1.452,-1.516,-1.1,-1.102,-0.71,-0.72,-0.578
2026-09-01T21:39:50.943787,38.95,881.0,22.62,93.7,31.81,370.313,-51.532,-9.114,-7.97,-3.433,-2.987,-1.767,-1.786,-1.333,-1.302,-0.882,-0.866,-0.705
2026-09-01T21:39:51.143853,367107.22,8306688.0,22.63,125.0,111.3,832.114,-51.15,-8.781,-7.686,-3.193,-2.785,-1.598,-1.647,-1.22,-1.212,-0.811,-0.811,-0.66
2026-09-01T21:39:51.343027,46340.95,1048576.0,22.63,93.7,93.32,738.546,-51.612,-9.19,-8.042,-3.501,-3.051,-1.829,-1.847,-1.393,-1.363,-0.941,-0.923,-0.757
2026-09-01T21:39:51.543798,1448.18,32768.0,22.63,125.0,63.22,513.006,-50.673,-8.365,-7.33,-2.891,-2.527,-1.378,-1.458,-1.057,-1.07,-0.692,-0.714,-0.581
2026-09-01T21:39:51.743973,197907.69,3956736.0,19.99,125.0,105.93,805.124,-51.776,-9.336,-8.17,-3.613,-3.15,-1.915,-1.923,-1.461,-1.421,-0.992,-0.969,-0.798
2026-09-01T21:39:51.943875,300854.13,6807552.0,22.63,125.0,109.57,787.927,-52.444,-9.943,-8.715,-4.1,-3.585,-2.305,-2.271,-1.771,-1.699,-1.24,-1.188,-0.992
2026-09-01T21:39:52.143811,370728.41,8388608.0,22.63,125.0,111.38,718.968,-50.95,-8.606,-7.536,-3.066,-2.677,-1.507,-1.569,-1.153,-1.154,-0.76,-0.767,-0.623
2026-09-01T21:39:52.343491,139053.02,3145728.0,22.62,125.0,102.86,774.386,-51.027,-8.673,-7.594,-3.114,-2.718,-1.541,-1.598,-1.178,-1.176,-0.779,-0.783,-0.637
2026-09-01T21:39:52.543826,18.92,408.0,21.56,93.7,25.54,236.733,-15.896,1.054,-2.066,-0.059,-0.595,-0.136,-0.662,-0.453,-0.719,-0.141,-0.146,0.183
2026-09-01T21:39:52.743802,45.26,1024.0,22.62,125.0,33.12,350.77,-50.981,-8.637,-7.567,-3.096,-2.706,-1.534,-1.596,-1.181,-1.182,-0.788,-0.792,-0.644
2026-09-01T21:39:52.943697,0.96,7.0,7.29,93.7,0.0,130.322,-40.367,-0.513,-1.336,1.764,1.15,1.597,1.008,1.058,0.788,0.912,0.448,-0.045
2026-09-01T21:39:53.143860,5792.62,131072.0,22.63,125.0,75.26,594.699,-52.314,-9.824,-8.607,-4.003,-3.497,-2.224,-2.199,-1.706,-1.64,-1.187,-1.14,-0.949
2026-09-01T21:39:53.343757,281055.25,6359553.0,22.63,93.7,108.98,719.22,-52.714,-10.193,-8.943,-4.308,-3.774,-2.476,-2.427,-1.913,-1.828,-1.357,-1.294,-1.087
2026-09-01T21:39:53.543858,45.4,1027.0,22.62,125.0,33.14,336.151,-50.786,-8.469,-7.426,-2.979,-2.608,-1.453,-1.529,-1.124,-1.136,-0.749,-0.76,-0.617
2026-09-01T21:39:53.942920,31859.36,720895.0,22.63,93.7,90.06,713.4,-51.326,-8.935,-7.82,-3.308,-2.884,-1.683,-1.72,-1.283,-1.266,-0.858,-0.851,-0.695
2026-09-01T21:39:54.143958,258831.34,5241344.0,20.25,125.0,108.26,785.631,-51.162,-8.791,-7.696,-3.205,-2.808,-1.638,-1.691,-1.247,-1.203,-0.778,-0.777,-0.641
2026-09-01T21:39:54.343729,14481.59,327681.0,22.63,125.0,83.22,669.369,-51.255,-8.873,-7.766,-3.261,-2.844,-1.648,-1.69,-1.257,-1.244,-0.839,-0.834,-0.681
2026-09-01T21:39:54.544485,45080.09,1015903.0,22.54,125.0,93.08,728.281,-51.931,-9.476,-8.294,-3.724,-3.248,-2.003,-2.001,-1.529,-1.481,-1.044,-1.014,-0.837
2026-09-01T21:39:54.743689,92682.12,2097153.0,22.63,125.0,99.34,762.165,-51.181,-8.809,-7.71,-3.214,-2.803,-1.614,-1.661,-1.232,-1.223,-0.82,-0.817,-0.663
2026-09-01T21:39:54.943553,200536.23,3438593.0,17.15,125.0,106.04,744.43,-50.934,-8.328,-6.995,-2.424,-1.959,-0.801,-0.957,-0.696,-0.727,-0.409,-0.695,-1.042
2026-09-01T21:39:55.143103,475418.44,7864321.0,16.54,125.0,113.54,783.372,-53.409,-10.708,-9.3,-4.537,-4.017,-2.765,-2.774,-2.265,-2.179,-1.547,-1.127,-0.474
2026-09-01T21:39:55.344556,13.73,310.0,22.58,125.0,22.75,299.325,-52.204,-9.746,-8.562,-3.99,-3.514,-2.27,-2.274,-1.812,-1.776,-1.35,-1.325,-1.144
2026-09-01T21:39:55.543909,14481.55,327680.0,22.63,125.0,83.22,671.978,-51.315,-8.926,-7.811,-3.301,-2.878,-1.678,-1.716,-1.279,-1.263,-0.855,-0.848,-0.693
2026-09-01T21:39:55.742955,92772.41,2099200.0,22.63,125.0,99.35,699.491,-50.328,-8.072,-7.087,-2.69,-2.362,-1.241,-1.346,-0.966,-0.998,-0.631,-0.659,-0.533
2026-09-01T21:39:55.943638,4.79,95.0,19.84,125.0,13.6,216.873,-50.655,-8.325,-7.277,-2.839,-2.5,-1.395,-1.533,-1.204,-1.294,-0.985,-1.072,-0.984
2026-09-01T21:39:56.143596,33948.85,768000.0,22.62,125.0,90.62,713.973,-51.949,-9.494,-8.313,-3.739,-3.266,-2.023,-2.022,-1.548,-1.501,-1.058,-1.007,-0.8
2026-09-01T21:39:56.342446,265451.16,5767168.0,21.73,125.0,108.48,821.06,-51.285,-8.85,-7.689,-3.174,-2.725,-1.511,-1.548,-1.141,-1.126,-0.755,-0.866,-0.9
2026-09-01T21:39:56.543553,55.01,1218.0,22.14,93.7,34.81,387.761,-51.863,-9.396,-8.193,-3.622,-3.146,-1.95,-2.01,-1.557,-1.453,-1.01,-0.822,-0.351
2026-09-01T21:39:56.742439,46362.91,1049073.0,22.63,125.0,93.32,709.286,-50.905,-8.567,-7.503,-3.037,-2.652,-1.485,-1.55,-1.137,-1.142,-0.751,-0.759,-0.617
2026-09-01T21:39:56.943612,316.7,7166.0,22.63,125.0,50.01,471.641,-51.919,-9.466,-8.287,-3.718,-3.243,-1.999,-1.999,-1.529,-1.483,-1.049,-1.018,-0.842
2026-09-01T21:39:57.143566,347557.13,7864320.0,22.63,125.0,110.82,829.268,-51.149,-8.781,-7.686,-3.193,-2.785,-1.598,-1.647,-1.22,-1.212,-0.811,-0.811,-0.66
2026-09-01T21:39:57.343219,0.91,1.0,1.1,93.7,0.0,67.986,-11.986,1.112,0.037,1.75,1.555,1.933,1.442,1.166,0.77,0.754,0.235,-0.533
2026-09-01T21:39:57.543468,343.66,7776.0,22.63,125.0,50.72,465.095,-51.08,-8.72,-7.634,-3.149,-2.748,-1.567,-1.62,-1.198,-1.194,-0.796,-0.798,-0.649
2026-09-01T21:39:57.743575,707.11,16000.0,22.63,93.7,56.99,518.234,-51.791,-9.35,-8.183,-3.626,-3.161,-1.926,-1.933,-1.469,-1.43,-1.001,-0.976,-0.803
2026-09-01T21:39:57.943385,0.9,1.0,1.11,125.0,0.0,56.613,-11.063,1.858,0.584,2.15,1.856,2.19,1.704,1.473,1.1,1.099,0.634,-0.011
2026-09-01T21:39:58.144396,181198.89,4100063.0,22.63,125.0,105.16,680.386,-52.218,-9.736,-8.528,-3.932,-3.433,-2.167,-2.148,-1.66,-1.599,-1.15,-1.107,-0.919
2026-09-01T21:39:58.343490,13580.58,291712.0,21.48,125.0,82.66,625.098,-51.965,-9.506,-8.324,-3.754,-3.288,-2.056,-2.057,-1.572,-1.499,-1.045,-1.03,-0.889
2026-09-01T21:39:58.543571,11585.24,262144.0,22.63,125.0,81.28,666.041,-51.674,-9.245,-8.09,-3.543,-3.089,-1.861,-1.876,-1.419,-1.385,-0.961,-0.94,-0.772
2026-09-01T21:39:58.742265,24618.63,557056.0,22.63,125.0,87.83,657.06,-52.451,-9.949,-8.72,-4.105,-3.59,-2.309,-2.275,-1.775,-1.702,-1.242,-1.19,-0.994
2026-09-01T21:39:58.943613,212124.33,4325359.0,20.39,125.0,106.53,815.965,-51.936,-9.107,-7.642,-2.949,-2.487,-1.233,-1.358,-0.908,-0.798,-0.521,-0.802,-0.926
2026-09-01T21:39:59.142649,72831.25,1540095.0,21.15,125.0,97.25,706.002,-51.227,-8.481,-7.102,-2.486,-2.083,-0.86,-1.016,-0.608,-0.536,-0.299,-0.641,-0.811
2026-09-01T21:39:59.343649,10861.12,245759.0,22.63,125.0,80.72,544.433,-52.644,-10.128,-8.883,-4.253,-3.724,-2.431,-2.386,-1.875,-1.793,-1.325,-1.265,-1.061
2026-09-01T21:39:59.543505,158.65,2120.0,13.36,125.0,44.01,400.545,-51.453,-8.939,-7.734,-3.176,-2.737,-1.498,-1.575,-1.144,-1.107,-0.773,-0.907,-0.876
2026-09-01T21:39:59.743489,10696.98,242045.0,22.63,93.7,80.59,556.296,-52.749,-10.225,-8.972,-4.335,-3.799,-2.499,-2.448,-1.932,-1.845,-1.372,-1.308,-1.1
2026-09-01T21:39:59.943557,276960.5,6266879.0,22.63,125.0,108.85,765.38,-50.419,-8.148,-7.15,-2.741,-2.404,-1.275,-1.374,-0.988,-1.015,-0.646,-0.675,-0.549
2026-09-01T21:40:00.142310,92681.95,2097153.0,22.63,93.7,99.34,683.067,-52.743,-10.22,-8.968,-4.331,-3.795,-2.496,-2.445,-1.93,-1.843,-1.37,-1.306,-1.098
2026-09-01T21:40:00.343229,1.64,31.0,18.93,125.0,4.28,189.262,-48.508,-6.316,-5.397,-1.068,-0.807,0.247,0.087,0.418,0.329,0.623,0.497,0.492
2026-09-01T21:40:00.543789,304495.41,6384638.0,20.97,125.0,109.67,823.174,-51.242,-8.862,-7.757,-3.255,-2.841,-1.65,-1.694,-1.26,-1.243,-0.837,-0.837,-0.687
2026-09-01T21:40:00.744160,11585.64,262145.0,22.63,125.0,81.28,577.603,-50.236,-7.997,-7.026,-2.641,-2.325,-1.216,-1.326,-0.953,-0.994,-0.624,-0.641,-0.507
2026-09-01T21:40:00.944191,255242.38,4120575.0,16.14,125.0,108.14,822.593,-52.347,-9.342,-7.596,-2.721,-2.037,-0.749,-0.857,-0.606,-0.631,-0.322,-0.691,-1.253
2026-09-01T21:40:01.141852,5849.69,132300.0,22.62,125.0,75.34,577.039,-50.571,-8.279,-7.26,-2.833,-2.482,-1.344,-1.433,-1.037,-1.053,-0.674,-0.694,-0.563
2026-09-01T21:40:01.343423,370645.44,8386560.0,22.63,125.0,111.38,845.664,-51.488,-9.079,-7.945,-3.416,-2.978,-1.764,-1.791,-1.344,-1.32,-0.904,-0.891,-0.729
2026-09-01T21:40:01.543432,370727.88,8388607.0,22.63,125.0,111.38,734.228,-50.304,-8.051,-7.069,-2.675,-2.35,-1.231,-1.338,-0.959,-0.992,-0.627,-0.658,-0.533
2026-09-01T21:40:01.743392,46340.95,1048576.0,22.63,125.0,93.32,736.379,-51.434,-9.031,-7.903,-3.38,-2.946,-1.737,-1.767,-1.323,-1.302,-0.888,-0.877,-0.717
2026-09-01T21:40:02.142015,143.91,3256.0,22.63,125.0,43.16,364.962,-50.388,-8.128,-7.138,-2.738,-2.407,-1.284,-1.384,-1.001,-1.03,-0.659,-0.683,-0.553
2026-09-01T21:40:02.343337,370727.59,8388608.0,22.63,125.0,111.38,842.89,-51.378,-8.982,-7.86,-3.343,-2.914,-1.709,-1.743,-1.302,-1.283,-0.872,-0.863,-0.705
2026-09-01T21:40:02.542660,370996.34,8128513.0,21.91,125.0,111.39,766.274,-51.533,-9.113,-7.96,-3.416,-2.958,-1.73,-1.751,-1.295,-1.233,-0.782,-0.737,-0.59
2026-09-01T21:40:02.743337,9685.29,219135.0,22.63,125.0,79.72,634.997,-51.006,-8.653,-7.575,-3.098,-2.702,-1.524,-1.584,-1.164,-1.16,-0.769,-0.783,-0.644
2026-09-01T21:40:02.943392,303870.16,6855681.0,22.56,125.0,109.65,834.529,-51.743,-9.307,-8.144,-3.59,-3.129,-1.897,-1.908,-1.447,-1.41,-0.983,-0.958,-0.787
2026-09-01T21:40:03.142743,721.22,16319.0,22.63,125.0,57.16,478.95,-52.389,-9.892,-8.668,-4.058,-3.547,-2.269,-2.239,-1.741,-1.671,-1.215,-1.166,-0.972
2026-09-01T21:40:03.341955,92687.65,2097246.0,22.63,125.0,99.34,765.7,-51.937,-9.482,-8.3,-3.728,-3.251,-2.005,-2.003,-1.531,-1.483,-1.047,-1.016,-0.839
2026-09-01T21:40:03.543385,231705.88,5242880.0,22.63,125.0,107.3,726.593,-52.755,-10.231,-8.978,-4.341,-3.805,-2.505,-2.455,-1.939,-1.852,-1.38,-1.317,-1.107
2026-09-01T21:40:03.741573,1.25,16.0,12.84,93.7,1.91,153.757,-44.413,-3.106,-2.963,0.743,0.51,1.214,0.787,0.962,0.766,0.869,0.524,0.334
2026-09-01T21:40:03.943082,4344.52,98305.0,22.63,125.0,72.76,572.315,-52.397,-9.9,-8.676,-4.065,-3.553,-2.276,-2.245,-1.748,-1.678,-1.221,-1.171,-0.976
2026-09-01T21:40:04.142229,11582.41,262080.0,22.63,93.7,81.28,557.987,-50.251,-8.007,-7.033,-2.646,-2.326,-1.212,-1.322,-0.946,-0.982,-0.618,-0.648,-0.524
2026-09-01T21:40:04.343657,92710.17,2097217.0,22.62,125.0,99.34,738.913,-52.309,-9.819,-8.602,-3.998,-3.492,-2.22,-2.196,-1.704,-1.639,-1.186,-1.137,-0.944
2026-09-01T21:40:04.543110,0.9,1.0,1.11,93.7,0.0,67.487,-12.058,1.179,0.14,1.887,1.572,1.951,1.387,1.201,0.948,0.888,0.307,-0.224
2026-09-01T21:40:04.743168,1479.25,33471.0,22.63,125.0,63.4,518.692,-50.741,-8.425,-7.382,-2.935,-2.565,-1.411,-1.487,-1.083,-1.095,-0.711,-0.725,-0.587
2026-09-01T21:40:04.943295,352625.66,7979008.0,22.63,93.7,110.95,734.605,-50.262,-8.015,-7.04,-2.651,-2.33,-1.215,-1.325,-0.948,-0.984,-0.619,-0.65,-0.525
2026-09-01T21:40:05.143265,185366.98,4194304.0,22.63,125.0,105.36,789.766,-51.034,-8.68,-7.599,-3.119,-2.721,-1.543,-1.6,-1.18,-1.178,-0.782,-0.786,-0.639
2026-09-01T21:40:05.343147,293085.88,6291455.0,21.47,125.0,109.34,833.201,-52.126,-9.558,-8.255,-3.662,-3.232,-2.092,-2.078,-1.643,-1.653,-1.064,-0.764,-0.394
2026-09-01T21:40:05.543073,11675.44,262144.0,22.45,125.0,81.35,650.115,-51.074,-8.692,-7.595,-3.104,-2.701,-1.505,-1.571,-1.143,-1.122,-0.755,-0.818,-0.717
2026-09-01T21:40:05.743048,7.05,158.0,22.41,125.0,16.97,162.403,-45.524,-4.079,-3.833,-0.059,-0.241,0.439,-0.018,0.054,-0.195,-0.039,-0.221,-0.229
2026-09-01T21:40:05.942903,23170.52,524289.0,22.63,125.0,87.3,648.023,-52.507,-10.001,-8.768,-4.148,-3.629,-2.344,-2.307,-1.804,-1.728,-1.266,-1.212,-1.013
2026-09-01T21:40:06.143067,45.34,1025.0,22.6,93.7,33.13,377.894,-51.67,-9.237,-8.083,-3.538,-3.085,-1.853,-1.877,-1.421,-1.382,-0.976,-0.987,-0.842
2026-09-01T21:40:06.343199,370727.56,8388607.0,22.63,125.0,111.38,788.841,-50.52,-8.236,-7.223,-2.802,-2.455,-1.319,-1.411,-1.02,-1.043,-0.668,-0.69,-0.559
2026-09-01T21:40:06.543168,36348.95,786445.0,21.64,125.0,91.21,661.321,-51.93,-9.469,-8.265,-3.694,-3.235,-2.031,-2.005,-1.54,-1.51,-1.011,-0.879,-0.649
2026-09-01T21:40:06.743756,139070.06,3146753.0,22.63,125.0,102.86,728.688,-50.414,-8.145,-7.147,-2.739,-2.403,-1.275,-1.374,-0.989,-1.018,-0.648,-0.674,-0.545
2026-09-01T21:40:06.943138,96560.8,2097151.0,21.72,93.7,99.7,712.033,-52.746,-10.03,-8.604,-3.843,-3.373,-2.2,-2.291,-1.853,-1.816,-1.166,-0.661,0.078
2026-09-01T21:40:07.143128,24290.04,545192.0,22.45,125.0,87.71,666.912,-50.843,-8.512,-7.46,-3.003,-2.634,-1.474,-1.548,-1.145,-1.166,-0.753,-0.724,-0.566
2026-09-01T21:40:07.343042,92681.9,2097152.0,22.63,93.7,99.34,774.6,-51.603,-9.182,-8.034,-3.494,-3.046,-1.824,-1.843,-1.39,-1.359,-0.938,-0.921,-0.755
2026-09-01T21:40:07.543024,28.74,650.0,22.62,125.0,29.17,322.434,-50.935,-8.6,-7.537,-3.072,-2.688,-1.521,-1.587,-1.175,-1.179,-0.787,-0.793,-0.646
2026-09-01T21:40:07.743016,724.08,16384.0,22.63,125.0,57.2,515.54,-51.297,-8.91,-7.797,-3.288,-2.866,-1.667,-1.706,-1.27,-1.255,-0.847,-0.841,-0.686
2026-09-01T21:40:07.943115,259679.91,5488896.0,21.14,125.0,108.29,799.407,-52.692,-9.696,-8.071,-3.262,-2.729,-1.422,-1.519,-1.038,-0.893,-0.607,-0.904,-1.06
2026-09-01T21:40:08.142844,0.9,1.0,1.11,125.0,0.0,65.64,-11.992,1.192,0.077,1.751,1.381,1.753,1.214,1.036,0.742,0.668,0.125,-0.39
2026-09-01T21:40:08.343073,13033.41,294912.0,22.63,125.0,82.3,646.416,-52.202,-9.722,-8.515,-3.921,-3.423,-2.159,-2.14,-1.654,-1.594,-1.145,-1.101,-0.912
2026-09-01T21:40:08.543225,46318.28,1048063.0,22.63,125.0,93.32,725.459,-51.168,-8.797,-7.699,-3.205,-2.795,-1.606,-1.654,-1.226,-1.217,-0.816,-0.814,-0.664
2026-09-01T21:40:08.741344,226525.11,5111807.0,22.57,125.0,107.1,721.49,-50.227,-7.907,-6.89,-2.486,-2.171,-1.036,-1.183,-0.8,-0.796,-0.498,-0.66,-0.643
2026-09-01T21:40:08.943038,15394.07,262144.0,17.03,125.0,83.75,582.149,-53.476,-10.69,-9.17,-4.43,-3.911,-2.716,-2.619,-2.115,-2.052,-1.32,-0.841,-0.336
2026-09-01T21:40:09.142993,76.68,1735.0,22.63,125.0,37.69,294.287,-50.081,-7.832,-6.855,-2.465,-2.143,-1.028,-1.137,-0.76,-0.796,-0.435,-0.472,-0.356
2026-09-01T21:40:09.343771,370727.66,8388608.0,22.63,125.0,111.38,844.51,-51.434,-9.031,-7.903,-3.38,-2.946,-1.737,-1.767,-1.323,-1.302,-0.888,-0.877,-0.717
2026-09-01T21:40:09.543314,139339.64,3152896.0,22.63,125.0,102.88,783.129,-52.006,-9.543,-8.355,-3.777,-3.295,-2.044,-2.037,-1.561,-1.511,-1.071,-1.038,-0.858
2026-09-01T21:40:09.742696,20998.29,475137.0,22.63,125.0,86.44,680.113,-51.093,-8.731,-7.643,-3.157,-2.754,-1.571,-1.624,-1.2,-1.195,-0.797,-0.798,-0.65
2026-09-01T21:40:09.941741,5973.64,135168.0,22.63,125.0,75.52,615.949,-52.06,-9.592,-8.398,-3.816,-3.329,-2.074,-2.064,-1.585,-1.532,-1.09,-1.054,-0.872
2026-09-01T21:40:10.343007,103621.55,2097153.0,20.24,125.0,100.31,723.488,-52.442,-9.829,-8.527,-3.878,-3.358,-2.046,-2.05,-1.537,-1.416,-1.031,-1.13,-1.063
2026-09-01T21:40:10.542902,196398.42,4194305.0,21.36,125.0,105.86,755.979,-51.638,-9.155,-7.969,-3.408,-2.948,-1.693,-1.73,-1.27,-1.219,-0.853,-0.933,-0.842
2026-09-01T21:40:10.742945,400288.53,8388608.0,20.96,125.0,112.05,785.324,-51.532,-9.125,-7.993,-3.472,-3.042,-1.845,-1.876,-1.434,-1.436,-1.07,-1.085,-0.91
2026-09-01T21:40:10.942905,274787.34,6217728.0,22.63,125.0,108.78,746.281,-50.248,-8.003,-7.03,-2.643,-2.324,-1.21,-1.32,-0.945,-0.981,-0.617,-0.648,-0.524
2026-09-01T21:40:11.142635,231706.17,5242880.0,22.63,125.0,107.3,725.565,-52.752,-10.228,-8.975,-4.337,-3.8,-2.499,-2.448,-1.932,-1.845,-1.372,-1.306,-1.098
2026-09-01T21:40:11.342925,87542.7,1441792.0,16.47,93.7,98.84,767.187,-52.693,-9.509,-7.707,-2.801,-2.251,-0.959,-1.113,-0.675,-0.555,-0.33,-0.726,-1.008
2026-09-01T21:40:11.542848,39100.22,884737.0,22.63,125.0,91.84,701.447,-50.92,-8.58,-7.514,-3.047,-2.66,-1.491,-1.556,-1.142,-1.146,-0.755,-0.763,-0.62
2026-09-01T21:40:11.743611,167985.94,3801088.0,22.63,93.7,104.51,697.056,-50.25,-8.005,-7.032,-2.644,-2.325,-1.211,-1.321,-0.945,-0.981,-0.617,-0.648,-0.524
2026-09-01T21:40:11.942839,46340.95,1048576.0,22.63,125.0,93.32,664.654,-52.659,-10.142,-8.896,-4.265,-3.735,-2.441,-2.395,-1.884,-1.801,-1.332,-1.271,-1.067
2026-09-01T21:40:12.142929,243645.73,4521984.0,18.56,93.7,107.74,796.943,-51.569,-9.153,-8.011,-3.477,-3.035,-1.813,-1.827,-1.371,-1.342,-0.922,-0.918,-0.763
2026-09-01T21:40:12.342872,2182.64,49321.0,22.6,125.0,66.78,538.416,-50.704,-8.374,-7.315,-2.868,-2.496,-1.348,-1.423,-1.01,-1.001,-0.652,-0.723,-0.612
2026-09-01T21:40:12.542825,1991.21,45056.0,22.63,93.7,65.98,464.408,-50.281,-8.033,-7.055,-2.665,-2.342,-1.226,-1.334,-0.957,-0.991,-0.626,-0.655,-0.53
2026-09-01T21:40:12.742806,41952.13,785920.0,18.73,125.0,92.46,711.618,-51.362,-8.967,-7.851,-3.339,-2.919,-1.708,-1.726,-1.276,-1.257,-0.842,-0.861,-0.721
2026-09-01T21:40:12.942839,370778.66,8388607.0,22.62,125.0,111.38,717.162,-52.004,-9.541,-8.349,-3.769,-3.283,-2.035,-2.035,-1.564,-1.513,-1.073,-1.025,-0.835
2026-09-01T21:40:13.142872,91233.7,2064383.0,22.63,125.0,99.2,731.099,-50.716,-8.404,-7.365,-2.921,-2.554,-1.402,-1.48,-1.078,-1.092,-0.709,-0.724,-0.587
2026-09-01T21:40:13.342715,1541.05,34870.0,22.63,125.0,63.76,560.088,-51.462,-9.057,-7.925,-3.399,-2.962,-1.751,-1.779,-1.334,-1.31,-0.896,-0.883,-0.722
2026-09-01T21:40:13.542760,369279.5,8355841.0,22.63,125.0,111.35,823.549,-52.158,-9.682,-8.479,-3.888,-3.394,-2.132,-2.116,-1.631,-1.573,-1.127,-1.087,-0.902
2026-09-01T21:40:13.741122,0.92,1.0,1.09,93.7,0.0,68.045,-12.25,1.026,0.054,1.729,1.37,1.588,1.092,1.0,0.818,0.727,0.111,-0.306
2026-09-01T21:40:13.942783,254265.94,5357551.0,21.07,125.0,108.11,806.239,-52.021,-9.557,-8.368,-3.791,-3.312,-2.063,-2.056,-1.58,-1.518,-1.07,-1.038,-0.857
2026-09-01T21:40:14.142782,289.08,6541.0,22.63,93.7,49.22,373.752,-52.706,-10.183,-8.931,-4.295,-3.761,-2.462,-2.413,-1.9,-1.815,-1.345,-1.284,-1.079
2026-09-01T21:40:14.342745,46340.95,1048576.0,22.63,125.0,93.32,701.653,-52.328,-9.837,-8.619,-4.013,-3.507,-2.233,-2.207,-1.713,-1.647,-1.193,-1.146,-0.954
2026-09-01T21:40:14.542612,0.92,1.0,1.09,93.7,0.0,68.046,-12.227,1.01,-0.037,1.694,1.358,1.725,1.152,0.961,0.711,0.656,0.073,-0.455
2026-09-01T21:40:14.742646,294032.03,6653185.0,22.63,125.0,109.37,752.766,-50.269,-8.022,-7.045,-2.656,-2.334,-1.218,-1.327,-0.95,-0.986,-0.621,-0.651,-0.526
2026-09-01T21:40:14.942875,243289.94,5505023.0,22.63,93.7,107.72,819.112,-51.326,-8.935,-7.82,-3.308,-2.884,-1.683,-1.72,-1.283,-1.267,-0.858,-0.851,-0.695
2026-09-01T21:40:15.142693,734.79,16335.0,22.23,125.0,57.32,446.511,-50.908,-8.554,-7.485,-3.015,-2.636,-1.471,-1.546,-1.11,-1.066,-0.675,-0.727,-0.629
2026-09-01T21:40:15.342885,27126.29,555003.0,20.46,125.0,88.67,618.888,-52.9,-10.317,-9.013,-4.32,-3.795,-2.516,-2.485,-1.955,-1.864,-1.309,-1.057,-0.605
2026-09-01T21:40:15.542601,69515.26,1572864.0,22.63,125.0,96.84,731.515,-52.213,-9.729,-8.52,-3.923,-3.424,-2.155,-2.137,-1.648,-1.584,-1.141,-1.111,-0.933
2026-09-01T21:40:15.742682,22.65,512.0,22.6,125.0,27.1,267.247,-52.016,-9.526,-8.312,-3.714,-3.218,-1.957,-1.942,-1.464,-1.419,-0.992,-0.974,-0.815
2026-09-01T21:40:15.942611,295.11,6656.0,22.55,125.0,49.4,424.21,-50.622,-8.323,-7.298,-2.866,-2.512,-1.371,-1.459,-1.057,-1.064,-0.683,-0.708,-0.583
2026-09-01T21:40:16.142643,116567.23,2637615.0,22.63,125.0,101.33,770.357,-51.112,-8.748,-7.657,-3.168,-2.764,-1.579,-1.631,-1.206,-1.2,-0.801,-0.802,-0.653
2026-09-01T21:40:16.341160,69659.48,1575806.0,22.62,125.0,96.86,755.98,-51.817,-9.373,-8.203,-3.643,-3.176,-1.939,-1.944,-1.479,-1.437,-1.006,-0.98,-0.807
2026-09-01T21:40:16.540896,185363.84,4194305.0,22.63,125.0,105.36,797.571,-51.168,-8.797,-7.699,-3.205,-2.795,-1.606,-1.654,-1.226,-1.218,-0.816,-0.815,-0.664
2026-09-01T21:40:16.742578,279202.28,6229999.0,22.31,125.0,108.92,829.817,-51.715,-9.239,-8.045,-3.465,-3.018,-1.805,-1.803,-1.298,-1.265,-0.862,-0.905,-0.77
2026-09-01T21:40:16.943438,11404.22,258048.0,22.63,125.0,81.14,661.853,-51.378,-8.982,-7.86,-3.343,-2.914,-1.709,-1.743,-1.302,-1.284,-0.872,-0.863,-0.706
2026-09-01T21:40:17.142646,42041.17,951283.0,22.63,125.0,92.47,732.741,-51.697,-9.266,-8.109,-3.559,-3.103,-1.874,-1.887,-1.428,-1.393,-0.968,-0.946,-0.777
2026-09-01T21:40:17.342344,0.9,1.0,1.11,125.0,0.0,65.326,-14.849,2.877,-0.02,2.166,1.564,1.998,1.4,1.281,0.988,0.944,0.333,-0.141
2026-09-01T21:40:17.542611,139523.66,3145727.0,22.55,125.0,102.89,686.716,-51.119,-8.753,-7.663,-3.176,-2.783,-1.616,-1.672,-1.231,-1.189,-0.767,-0.768,-0.633
2026-09-01T21:40:17.742612,23532.51,532480.0,22.63,125.0,87.43,694.088,-51.243,-8.863,-7.757,-3.254,-2.837,-1.643,-1.686,-1.253,-1.241,-0.836,-0.832,-0.678
2026-09-01T21:40:17.942640,231998.75,4194304.0,18.08,125.0,107.31,815.6,-52.651,-9.511,-7.684,-2.849,-2.349,-1.205,-1.226,-0.687,-0.509,-0.31,-0.713,-0.873
2026-09-01T21:40:18.142610,181.03,4096.0,22.63,125.0,45.16,414.935,-50.796,-8.468,-7.414,-2.958,-2.579,-1.418,-1.488,-1.078,-1.082,-0.699,-0.72,-0.585
2026-09-01T21:40:18.542479,46340.95,1048576.0,22.63,93.7,93.32,637.298,-50.203,-7.966,-6.999,-2.618,-2.303,-1.193,-1.306,-0.933,-0.971,-0.609,-0.641,-0.518
2026-09-01T21:40:18.740912,44889.64,1012731.0,22.56,125.0,93.04,697.236,-52.344,-9.853,-8.634,-4.028,-3.521,-2.244,-2.212,-1.71,-1.639,-1.19,-1.158,-0.979
2026-09-01T21:40:18.942468,43468.68,983040.0,22.61,93.7,92.76,731.98,-51.778,-9.334,-8.162,-3.603,-3.136,-1.902,-1.908,-1.44,-1.392,-0.978,-0.977,-0.816
2026-09-01T21:40:19.143037,83864.66,1833985.0,21.87,125.0,98.47,730.695,-50.821,-8.491,-7.432,-2.972,-2.586,-1.419,-1.488,-1.079,-1.08,-0.692,-0.703,-0.568
2026-09-01T21:40:19.342531,185866.91,4197376.0,22.58,125.0,105.38,687.063,-50.687,-8.366,-7.328,-2.907,-2.567,-1.475,-1.622,-1.329,-1.396,-1.042,-0.933,-0.589
2026-09-01T21:40:19.543339,185363.84,4194305.0,22.63,125.0,105.36,765.301,-50.681,-8.373,-7.339,-2.899,-2.536,-1.386,-1.467,-1.067,-1.082,-0.701,-0.718,-0.582
2026-09-01T21:40:19.742379,14.28,280.0,19.61,125.0,23.1,307.749,-51.879,-9.444,-8.284,-3.734,-3.278,-2.05,-2.066,-1.614,-1.588,-1.172,-1.162,-0.993
2026-09-01T21:40:19.942490,2693.23,60928.0,22.62,125.0,68.61,541.302,-52.457,-9.956,-8.727,-4.112,-3.597,-2.316,-2.283,-1.782,-1.708,-1.247,-1.195,-0.998
2026-09-01T21:40:20.142559,370727.56,8388607.0,22.63,125.0,111.38,719.117,-52.34,-9.848,-8.628,-4.022,-3.514,-2.24,-2.213,-1.719,-1.652,-1.197,-1.15,-0.958
2026-09-01T21:40:20.342270,370650.03,8380449.0,22.61,125.0,111.38,782.284,-50.485,-8.206,-7.202,-2.787,-2.449,-1.317,-1.414,-1.031,-1.063,-0.669,-0.66,-0.519
2026-09-01T21:40:20.541719,2193.83,48960.0,22.32,125.0,66.82,578.85,-51.668,-9.24,-8.086,-3.54,-3.085,-1.859,-1.874,-1.417,-1.382,-0.958,-0.939,-0.772
2026-09-01T21:40:20.742411,2896.31,65536.0,22.63,125.0,69.24,557.316,-50.793,-8.47,-7.42,-2.967,-2.593,-1.434,-1.507,-1.101,-1.111,-0.725,-0.738,-0.598
2026-09-01T21:40:20.942393,67.98,1538.0,22.63,93.7,36.65,394.99,-51.342,-8.947,-7.826,-3.31,-2.882,-1.677,-1.711,-1.27,-1.25,-0.838,-0.829,-0.672
2026-09-01T21:40:21.142480,184192.88,4167679.0,22.63,125.0,105.31,743.31,-50.403,-8.134,-7.135,-2.728,-2.391,-1.264,-1.363,-0.976,-1.001,-0.637,-0.673,-0.549
2026-09-01T21:40:21.342323,284292.88,6346751.0,22.32,93.7,109.08,753.41,-52.062,-9.592,-8.394,-3.808,-3.306,-2.031,-2.015,-1.554,-1.535,-1.114,-1.075,-0.877
2026-09-01T21:40:21.542442,16314.32,369151.0,22.63,125.0,84.25,606.273,-50.301,-8.048,-7.067,-2.673,-2.348,-1.23,-1.337,-0.958,-0.991,-0.625,-0.655,-0.53
2026-09-01T21:40:21.742390,225963.84,4194304.0,18.56,125.0,107.08,754.745,-51.658,-9.171,-7.962,-3.389,-2.942,-1.75,-1.78,-1.309,-1.27,-0.89,-0.923,-0.772
2026-09-01T21:40:21.942467,115852.38,2621440.0,22.63,125.0,101.28,740.18,-50.672,-8.365,-7.332,-2.893,-2.531,-1.382,-1.464,-1.064,-1.08,-0.699,-0.716,-0.58
2026-09-01T21:40:22.142411,185363.8,4194304.0,22.63,93.7,105.36,810.587,-51.574,-9.156,-8.012,-3.475,-3.029,-1.809,-1.83,-1.378,-1.349,-0.93,-0.913,-0.749
2026-09-01T21:40:22.342184,0.89,1.0,1.12,125.0,0.0,61.633,-11.573,1.602,0.527,2.155,1.798,2.044,1.585,1.528,1.355,1.289,0.698,0.32
2026-09-01T21:40:22.543191,73640.03,1581056.0,21.47,125.0,97.34,694.584,-51.293,-8.902,-7.781,-3.266,-2.835,-1.629,-1.667,-1.227,-1.189,-0.759,-0.733,-0.589
2026-09-01T21:40:22.742163,0.89,1.0,1.12,125.0,0.0,63.845,-11.293,1.567,0.209,1.782,1.467,1.903,1.536,1.372,1.097,1.214,0.867,0.351
2026-09-01T21:40:22.942675,45.31,1025.0,22.62,125.0,33.12,309.543,-52.745,-10.229,-8.984,-4.353,-3.823,-2.528,-2.482,-1.968,-1.882,-1.409,-1.343,-1.132
2026-09-01T21:40:23.143003,30411.74,659455.0,21.68,125.0,89.66,709.921,-51.837,-9.392,-8.221,-3.66,-3.194,-1.953,-1.954,-1.485,-1.443,-1.011,-0.99,-0.822
2026-09-01T21:40:23.342276,93082.72,2102139.0,22.58,125.0,99.38,756.485,-51.042,-8.669,-7.567,-3.081,-2.677,-1.502,-1.555,-1.122,-1.098,-0.734,-0.792,-0.671
2026-09-01T21:40:23.542271,121825.97,2756607.0,22.63,125.0,101.71,672.531,-50.385,-8.12,-7.127,-2.723,-2.389,-1.264,-1.365,-0.982,-1.011,-0.642,-0.668,-0.541
2026-09-01T21:40:23.740620,347557.31,7864320.0,22.63,125.0,110.82,747.675,-52.753,-10.229,-8.977,-4.339,-3.803,-2.503,-2.452,-1.936,-1.849,-1.376,-1.312,-1.103
2026-09-01T21:40:23.942321,97403.16,2099200.0,21.55,125.0,99.77,719.315,-51.176,-8.803,-7.702,-3.204,-2.781,-1.574,-1.616,-1.204,-1.231,-0.852,-0.852,-0.687
2026-09-01T21:40:24.142307,47756.54,1080607.0,22.63,125.0,93.58,721.29,-51.067,-8.709,-7.624,-3.14,-2.74,-1.559,-1.613,-1.191,-1.188,-0.79,-0.793,-0.645
2026-09-01T21:40:24.342303,278073.66,6291464.0,22.63,125.0,108.88,744.994,-50.243,-8.0,-7.026,-2.64,-2.319,-1.204,-1.314,-0.941,-0.982,-0.622,-0.653,-0.527
2026-09-01T21:40:24.542044,1476.44,33408.0,22.63,125.0,63.38,552.81,-51.305,-8.918,-7.804,-3.295,-2.872,-1.673,-1.712,-1.276,-1.261,-0.853,-0.847,-0.691
2026-09-01T21:40:24.743041,92681.9,2097152.0,22.63,93.7,99.34,676.462,-50.199,-7.962,-6.996,-2.615,-2.301,-1.191,-1.305,-0.932,-0.97,-0.608,-0.641,-0.518
2026-09-01T21:40:24.942648,231704.7,5242879.0,22.63,125.0,107.3,793.465,-50.913,-8.574,-7.509,-3.042,-2.656,-1.488,-1.553,-1.14,-1.144,-0.753,-0.761,-0.618
2026-09-01T21:40:25.142411,95.96,1902.0,19.82,125.0,39.64,401.444,-51.966,-9.512,-8.332,-3.763,-3.289,-2.045,-2.045,-1.576,-1.534,-1.104,-1.076,-0.897
2026-09-01T21:40:25.342341,1459.52,32770.0,22.45,125.0,63.28,486.219,-52.534,-10.031,-8.803,-4.189,-3.679,-2.401,-2.367,-1.867,-1.81,-1.364,-1.323,-1.112
2026-09-01T21:40:25.542977,964.8,20544.0,21.29,93.7,59.69,528.941,-52.219,-9.679,-8.424,-3.856,-3.388,-2.141,-2.154,-1.716,-1.625,-1.136,-1.012,-0.801
2026-09-01T21:40:25.742139,92727.19,2097151.0,22.62,125.0,99.34,733.22,-50.735,-8.42,-7.377,-2.931,-2.562,-1.407,-1.485,-1.081,-1.092,-0.707,-0.721,-0.584
2026-09-01T21:40:25.942068,163967.95,3145728.0,19.19,93.7,104.3,791.939,-51.824,-9.38,-8.212,-3.652,-3.19,-1.954,-1.961,-1.498,-1.457,-1.013,-0.972,-0.792
2026-09-01T21:40:26.142190,181021.0,4096033.0,22.63,125.0,105.15,774.679,-50.828,-8.501,-7.447,-2.99,-2.613,-1.451,-1.522,-1.114,-1.123,-0.735,-0.744,-0.603
2026-09-01T21:40:26.342112,22.69,513.0,22.61,125.0,27.12,341.642,-51.571,-9.16,-8.022,-3.492,-3.052,-1.838,-1.866,-1.422,-1.4,-0.988,-0.977,-0.814
2026-09-01T21:40:26.742089,46520.51,1052639.0,22.63,125.0,93.35,709.082,-52.244,-9.76,-8.549,-3.951,-3.45,-2.183,-2.161,-1.672,-1.61,-1.16,-1.116,-0.927
2026-09-01T21:40:26.942019,854.18,19326.0,22.63,125.0,58.63,529.696,-51.477,-9.069,-7.936,-3.408,-2.97,-1.758,-1.785,-1.339,-1.314,-0.899,-0.886,-0.725
2026-09-01T21:40:27.142139,379315.44,8385537.0,22.11,125.0,111.58,799.498,-50.699,-8.386,-7.347,-2.902,-2.533,-1.376,-1.454,-1.052,-1.056,-0.653,-0.656,-0.523
2026-09-01T21:40:27.342052,46341.0,1048577.0,22.63,125.0,93.32,620.444,-50.437,-8.164,-7.163,-2.753,-2.414,-1.285,-1.382,-0.996,-1.023,-0.652,-0.676,-0.547
2026-09-01T21:40:27.542901,58144.2,1048577.0,18.03,125.0,95.29,713.613,-51.544,-9.129,-7.99,-3.459,-3.028,-1.827,-1.855,-1.391,-1.33,-0.891,-0.876,-0.726
2026-09-01T21:40:27.742872,31112.7,704000.0,22.63,125.0,89.86,590.666,-50.901,-8.564,-7.5,-3.035,-2.65,-1.483,-1.549,-1.136,-1.141,-0.75,-0.759,-0.616
2026-09-01T21:40:27.942063,414445.56,8388608.0,20.24,125.0,112.35,818.091,-52.955,-9.796,-7.949,-3.089,-2.562,-1.391,-1.385,-0.822,-0.621,-0.396,-0.771,-0.907
2026-09-01T21:40:28.142794,497196.41,8388608.0,16.87,125.0,113.93,850.636,-52.687,-9.915,-8.504,-3.859,-3.476,-2.279,-2.272,-1.761,-1.71,-1.043,-0.705,-0.39
2026-09-01T21:40:28.340668,92772.41,2099200.0,22.63,125.0,99.35,738.764,-50.81,-8.485,-7.433,-2.978,-2.602,-1.442,-1.514,-1.107,-1.116,-0.729,-0.741,-0.602
2026-09-01T21:40:28.541741,0.91,1.0,1.1,93.7,0.0,67.854,-12.054,1.107,0.027,1.684,1.287,1.413,0.999,1.107,0.863,0.696,0.364,-0.2
2026-09-01T21:40:28.740350,123489.82,2787330.0,22.57,125.0,101.83,773.678,-52.104,-9.632,-8.437,-3.853,-3.37,-2.115,-2.106,-1.631,-1.587,-1.126,-1.06,-0.864
2026-09-01T21:40:28.942005,122268.73,2763519.0,22.6,93.7,101.75,782.855,-51.315,-8.926,-7.812,-3.301,-2.877,-1.677,-1.715,-1.279,-1.263,-0.855,-0.849,-0.693
2026-09-01T21:40:29.142016,23535.3,532543.0,22.63,125.0,87.43,629.098,-50.337,-8.079,-7.093,-2.694,-2.366,-1.245,-1.349,-0.968,-1.0,-0.632,-0.66,-0.534
2026-09-01T21:40:29.341960,369993.94,8370977.0,22.62,125.0,111.36,837.869,-51.27,-8.887,-7.779,-3.275,-2.858,-1.662,-1.704,-1.273,-1.264,-0.85,-0.833,-0.674
2026-09-01T21:40:29.541923,31497.37,712704.0,22.63,125.0,89.97,689.829,-52.232,-9.749,-8.539,-3.942,-3.442,-2.175,-2.155,-1.666,-1.605,-1.155,-1.112,-0.924
2026-09-01T21:40:29.741531,46430.71,1050607.0,22.63,93.7,93.34,732.562,-51.315,-8.926,-7.811,-3.301,-2.878,-1.678,-1.716,-1.279,-1.263,-0.855,-0.848,-0.692
2026-09-01T21:40:29.942010,35949.5,770047.0,21.42,125.0,91.11,716.591,-51.844,-9.396,-8.221,-3.656,-3.184,-1.947,-1.956,-1.492,-1.45,-1.018,-0.982,-0.801
2026-09-01T21:40:30.141511,88881.23,2011136.0,22.63,125.0,98.98,771.861,-51.517,-9.105,-7.967,-3.436,-2.995,-1.779,-1.804,-1.356,-1.33,-0.912,-0.898,-0.736
2026-09-01T21:40:30.342028,186807.23,4194304.0,22.45,125.0,105.43,756.664,-50.661,-8.351,-7.319,-2.882,-2.532,-1.388,-1.482,-1.105,-1.147,-0.74,-0.699,-0.523
2026-09-01T21:40:30.542030,1167.57,24576.0,21.05,125.0,61.35,543.296,-51.923,-9.372,-8.138,-3.568,-3.17,-1.972,-1.998,-1.546,-1.543,-0.991,-0.791,-0.547
2026-09-01T21:40:30.741918,370399.19,8381177.0,22.63,125.0,111.37,840.161,-51.886,-9.436,-8.259,-3.692,-3.219,-1.977,-1.978,-1.508,-1.464,-1.03,-1.001,-0.825
2026-09-01T21:40:30.941748,0.95,7.0,7.39,125.0,0.0,125.624,-39.641,-0.116,-1.197,1.824,1.266,1.775,1.125,0.957,0.369,0.139,-0.555,-1.1
2026-09-01T21:40:31.141862,207243.06,4194305.0,20.24,125.0,106.33,807.177,-51.773,-9.332,-8.164,-3.606,-3.139,-1.907,-1.921,-1.462,-1.424,-0.996,-0.96,-0.781
2026-09-01T21:40:31.341969,370772.84,8388608.0,22.62,125.0,111.38,842.002,-51.352,-8.959,-7.839,-3.325,-2.898,-1.696,-1.731,-1.293,-1.275,-0.865,-0.857,-0.7
2026-09-01T21:40:31.541823,81096.77,1835008.0,22.63,125.0,98.18,752.996,-52.036,-9.571,-8.379,-3.799,-3.314,-2.061,-2.052,-1.574,-1.521,-1.082,-1.048,-0.867
2026-09-01T21:40:31.740730,63.51,1437.0,22.63,125.0,36.06,330.06,-52.442,-9.934,-8.698,-4.078,-3.558,-2.274,-2.238,-1.737,-1.664,-1.207,-1.158,-0.966
2026-09-01T21:40:31.942667,364935.03,8257537.0,22.63,125.0,111.24,844.607,-51.726,-9.292,-8.131,-3.579,-3.12,-1.889,-1.9,-1.44,-1.403,-0.977,-0.954,-0.784
2026-09-01T21:40:32.141870,6356.29,135167.0,21.27,125.0,76.06,593.098,-51.943,-9.493,-8.314,-3.754,-3.276,-2.019,-2.003,-1.516,-1.452,-1.027,-1.038,-0.903
2026-09-01T21:40:32.341818,237361.61,5370880.0,22.63,125.0,107.51,815.368,-51.922,-9.468,-8.287,-3.717,-3.242,-1.997,-1.995,-1.524,-1.478,-1.042,-1.012,-0.835
2026-09-01T21:40:32.541717,81931.94,1835041.0,22.4,125.0,98.27,743.448,-51.008,-8.657,-7.582,-3.105,-2.71,-1.531,-1.59,-1.177,-1.188,-0.79,-0.783,-0.629
2026-09-01T21:40:32.741674,185363.8,4194304.0,22.63,125.0,105.36,733.599,-50.31,-8.056,-7.074,-2.679,-2.353,-1.234,-1.34,-0.961,-0.994,-0.628,-0.657,-0.531
2026-09-01T21:40:32.941812,546.1,12288.0,22.5,125.0,54.75,497.716,-51.199,-8.81,-7.693,-3.191,-2.773,-1.585,-1.628,-1.19,-1.162,-0.788,-0.835,-0.707
2026-09-01T21:40:33.141705,924.14,20911.0,22.63,125.0,59.31,403.973,-51.432,-9.029,-7.899,-3.372,-2.936,-1.725,-1.753,-1.308,-1.285,-0.87,-0.858,-0.698
2026-09-01T21:40:33.341905,91679.2,1966081.0,21.45,125.0,99.25,739.864,-52.134,-9.658,-8.456,-3.862,-3.363,-2.098,-2.081,-1.598,-1.557,-1.126,-1.083,-0.899
2026-09-01T21:40:33.541817,46701.59,1048576.0,22.45,93.7,93.39,650.006,-50.74,-8.423,-7.382,-2.937,-2.58,-1.443,-1.525,-1.104,-1.081,-0.674,-0.688,-0.564
2026-09-01T21:40:33.740191,21443.6,480767.0,22.42,125.0,86.63,667.741,-50.894,-8.558,-7.496,-3.033,-2.65,-1.485,-1.552,-1.14,-1.148,-0.763,-0.776,-0.632
2026-09-01T21:40:33.941797,290556.34,6553600.0,22.56,93.7,109.26,730.616,-50.724,-8.41,-7.368,-2.921,-2.542,-1.373,-1.446,-1.058,-1.105,-0.745,-0.762,-0.613
2026-09-01T21:40:34.141789,3235.69,65537.0,20.25,125.0,70.2,561.934,-52.784,-10.172,-8.871,-4.231,-3.762,-2.503,-2.48,-1.987,-1.948,-1.378,-1.163,-0.897
2026-09-01T21:40:34.341714,137846.22,3119104.0,22.63,125.0,102.79,793.338,-51.754,-9.317,-8.154,-3.599,-3.138,-1.904,-1.914,-1.452,-1.414,-0.986,-0.962,-0.792
2026-09-01T21:40:34.541245,550.71,12419.0,22.55,125.0,54.82,480.502,-52.21,-9.729,-8.522,-3.928,-3.431,-2.165,-2.142,-1.652,-1.591,-1.143,-1.107,-0.924
2026-09-01T21:40:34.741407,193796.8,4255743.0,21.96,125.0,105.75,809.713,-51.453,-9.049,-7.918,-3.394,-2.959,-1.749,-1.778,-1.333,-1.309,-0.894,-0.882,-0.722
2026-09-01T21:40:35.141580,206944.83,4538360.0,21.93,125.0,106.32,793.269,-51.057,-8.7,-7.62,-3.144,-2.746,-1.562,-1.62,-1.199,-1.178,-0.773,-0.798,-0.642
2026-09-01T21:40:35.341644,95884.94,2101247.0,21.91,125.0,99.64,706.022,-51.554,-9.138,-7.997,-3.467,-3.029,-1.815,-1.839,-1.389,-1.344,-0.91,-0.898,-0.734
2026-09-01T21:40:35.541767,362038.72,8192001.0,22.63,125.0,111.18,784.373,-50.481,-8.202,-7.195,-2.779,-2.436,-1.303,-1.397,-1.008,-1.034,-0.66,-0.684,-0.553
2026-09-01T21:40:35.741716,92697.85,2097152.0,22.62,125.0,99.34,645.551,-51.314,-8.925,-7.81,-3.297,-2.868,-1.657,-1.691,-1.267,-1.269,-0.869,-0.866,-0.704
2026-09-01T21:40:35.941688,2172.23,49152.0,22.63,125.0,66.74,545.259,-50.836,-8.507,-7.452,-2.995,-2.616,-1.454,-1.524,-1.115,-1.123,-0.736,-0.747,-0.606
2026-09-01T21:40:36.141643,11.57,261.0,22.56,93.7,21.27,303.827,-51.231,-8.835,-7.711,-3.193,-2.762,-1.555,-1.584,-1.136,-1.11,-0.693,-0.681,-0.53
2026-09-01T21:40:36.341136,452592.72,8278017.0,18.29,125.0,113.11,831.462,-51.92,-9.465,-8.283,-3.711,-3.228,-1.973,-1.968,-1.506,-1.478,-1.056,-1.025,-0.84
2026-09-01T21:40:36.542066,287052.81,5603199.0,19.52,93.7,109.16,796.137,-52.263,-9.276,-7.597,-2.842,-2.362,-1.197,-1.2,-0.669,-0.521,-0.331,-0.731,-0.871
2026-09-01T21:40:36.741695,196949.2,4456448.0,22.63,125.0,105.89,778.648,-52.308,-9.819,-8.602,-3.998,-3.493,-2.221,-2.196,-1.703,-1.638,-1.185,-1.138,-0.947
2026-09-01T21:40:36.941567,11.4,257.0,22.55,125.0,21.14,181.172,-47.923,-6.0,-5.4,-1.296,-1.124,-0.157,-0.484,-0.249,-0.479,-0.331,-0.559,-0.627
2026-09-01T21:40:37.142286,22.56,510.0,22.61,125.0,27.07,299.697,-50.815,-8.498,-7.454,-3.005,-2.634,-1.478,-1.554,-1.149,-1.159,-0.771,-0.781,-0.636
2026-09-01T21:40:37.342288,179679.36,4055007.0,22.57,93.7,105.09,803.201,-51.291,-8.881,-7.757,-3.241,-2.817,-1.603,-1.655,-1.213,-1.179,-0.803,-0.859,-0.753
2026-09-01T21:40:37.541594,92684.73,2097152.0,22.63,125.0,99.34,724.357,-50.616,-8.317,-7.292,-2.859,-2.502,-1.358,-1.444,-1.048,-1.067,-0.689,-0.706,-0.572
2026-09-01T21:40:37.741546,353349.75,7995392.0,22.63,125.0,110.96,843.63,-51.517,-9.105,-7.967,-3.436,-2.995,-1.779,-1.804,-1.356,-1.33,-0.912,-0.898,-0.736
2026-09-01T21:40:37.941610,365022.97,8126464.0,22.26,125.0,111.25,786.547,-50.485,-8.185,-7.168,-2.747,-2.401,-1.254,-1.36,-0.966,-0.975,-0.631,-0.711,-0.625
2026-09-01T21:40:38.141631,240903.09,5013381.0,20.81,125.0,107.64,780.91,-51.866,-9.399,-8.217,-3.651,-3.194,-1.963,-1.98,-1.528,-1.51,-1.034,-0.903,-0.677
2026-09-01T21:40:38.341466,395178.06,7602176.0,19.24,125.0,111.94,819.251,-52.091,-9.618,-8.418,-3.828,-3.335,-2.072,-2.057,-1.573,-1.509,-1.049,-1.001,-0.82
2026-09-01T21:40:38.541559,202387.11,4208640.0,20.8,125.0,106.12,754.288,-51.27,-8.891,-7.786,-3.287,-2.876,-1.691,-1.736,-1.306,-1.31,-0.938,-0.953,-0.793
2026-09-01T21:40:38.739803,185368.13,4194304.0,22.63,125.0,105.36,751.196,-50.499,-8.217,-7.207,-2.789,-2.444,-1.309,-1.402,-1.012,-1.036,-0.663,-0.688,-0.559
2026-09-01T21:40:38.941494,2356.39,53319.0,22.63,125.0,67.44,564.02,-51.053,-8.696,-7.613,-3.131,-2.731,-1.552,-1.607,-1.186,-1.183,-0.786,-0.789,-0.641
2026-09-01T21:40:39.141472,370727.59,8388608.0,22.63,125.0,111.38,777.91,-50.393,-8.127,-7.133,-2.728,-2.393,-1.267,-1.368,-0.984,-1.013,-0.643,-0.67,-0.542
2026-09-01T21:40:39.341528,14514.43,328380.0,22.62,125.0,83.24,662.403,-51.105,-8.739,-7.647,-3.157,-2.751,-1.567,-1.618,-1.191,-1.18,-0.789,-0.804,-0.661
2026-09-01T21:40:39.541490,370733.97,8388607.0,22.63,125.0,111.38,845.524,-51.717,-9.283,-8.123,-3.572,-3.113,-1.882,-1.894,-1.433,-1.396,-0.972,-0.953,-0.785
2026-09-01T21:40:39.741541,516341.28,8388607.0,16.25,125.0,114.26,830.56,-51.223,-8.833,-7.72,-3.21,-2.782,-1.559,-1.6,-1.185,-1.177,-0.797,-0.817,-0.678
2026-09-01T21:40:39.941430,370728.25,8388607.0,22.63,125.0,111.38,846.313,-51.669,-9.241,-8.086,-3.54,-3.086,-1.859,-1.873,-1.417,-1.383,-0.959,-0.938,-0.771
2026-09-01T21:40:40.141456,390180.41,8249343.0,21.14,125.0,111.83,821.235,-50.988,-8.641,-7.567,-3.094,-2.704,-1.533,-1.594,-1.177,-1.184,-0.801,-0.814,-0.666
2026-09-01T21:40:40.341441,278045.69,6291456.0,22.63,125.0,108.88,821.174,-51.968,-9.51,-8.325,-3.75,-3.271,-2.023,-2.018,-1.545,-1.496,-1.058,-1.026,-0.847
2026-09-01T21:40:40.541563,412561.41,8388607.0,20.33,125.0,112.31,817.248,-50.939,-8.599,-7.532,-3.067,-2.682,-1.518,-1.584,-1.17,-1.183,-0.811,-0.83,-0.683
2026-09-01T21:40:40.741745,93842.93,2099713.0,22.37,125.0,99.45,660.427,-51.712,-9.261,-8.073,-3.506,-3.042,-1.816,-1.786,-1.308,-1.242,-0.675,-0.49,-0.24
2026-09-01T21:40:40.942146,61412.2,1376256.0,22.41,125.0,95.77,685.276,-52.359,-9.822,-8.565,-3.926,-3.428,-2.176,-2.133,-1.58,-1.494,-1.052,-1.076,-0.932
2026-09-01T21:40:41.141319,5623.27,126976.0,22.58,93.7,75.0,530.709,-50.4,-8.132,-7.137,-2.733,-2.407,-1.293,-1.397,-1.0,-1.003,-0.615,-0.641,-0.522
2026-09-01T21:40:41.341570,23444.79,514048.0,21.93,125.0,87.4,643.822,-52.322,-9.838,-8.627,-4.032,-3.536,-2.278,-2.258,-1.771,-1.724,-1.305,-1.278,-1.079
2026-09-01T21:40:41.541406,206168.44,4665055.0,22.63,125.0,106.28,684.803,-51.697,-9.266,-8.109,-3.56,-3.103,-1.874,-1.887,-1.428,-1.393,-0.968,-0.949,-0.783
2026-09-01T21:40:41.741186,0.9,1.0,1.11,125.0,0.0,56.82,-11.151,1.878,0.614,2.195,1.802,2.154,1.623,1.459,1.203,1.157,0.625,0.174
2026-09-01T21:40:41.941409,5917.67,131072.0,22.15,125.0,75.44,630.811,-51.533,-9.018,-7.814,-3.253,-2.811,-1.569,-1.633,-1.174,-1.104,-0.76,-0.895,-0.856
2026-09-01T21:40:42.141346,449.57,8192.0,18.22,125.0,53.06,476.764,-51.392,-8.995,-7.874,-3.36,-2.937,-1.723,-1.74,-1.288,-1.268,-0.852,-0.868,-0.728
2026-09-01T21:40:42.341351,11630.49,263168.0,22.63,125.0,81.31,665.919,-51.698,-9.266,-8.109,-3.56,-3.103,-1.874,-1.887,-1.428,-1.393,-0.968,-0.947,-0.778
2026-09-01T21:40:42.541269,1448.17,32768.0,22.63,125.0,63.22,536.171,-51.015,-8.663,-7.585,-3.107,-2.712,-1.535,-1.593,-1.174,-1.173,-0.778,-0.782,-0.636
2026-09-01T21:40:42.741860,0.93,4.0,4.29,125.0,0.0,105.836,-32.216,2.752,-0.335,2.016,1.334,1.832,1.182,1.048,0.634,0.509,-0.155,-0.684
2026-09-01T21:40:42.941352,107686.63,2364719.0,21.96,125.0,100.64,763.495,-52.038,-9.52,-8.275,-3.68,-3.188,-1.945,-1.931,-1.43,-1.337,-0.953,-1.017,-0.887
2026-09-01T21:40:43.341214,463409.5,8388608.0,18.1,125.0,113.32,831.37,-51.69,-9.26,-8.103,-3.552,-3.095,-1.867,-1.879,-1.42,-1.386,-0.966,-0.947,-0.777
2026-09-01T21:40:43.541156,5.38,120.0,22.31,125.0,14.61,233.645,-50.59,-8.274,-7.234,-2.791,-2.429,-1.284,-1.375,-0.989,-1.018,-0.65,-0.676,-0.543
2026-09-01T21:40:43.739707,140131.97,3170287.0,22.62,93.7,102.93,682.679,-52.663,-10.146,-8.902,-4.273,-3.746,-2.46,-2.418,-1.897,-1.804,-1.328,-1.267,-1.069
2026-09-01T21:40:43.940105,16304.2,262144.0,16.08,125.0,84.25,649.789,-51.396,-8.997,-7.869,-3.347,-2.904,-1.68,-1.707,-1.281,-1.296,-0.907,-0.897,-0.726
2026-09-01T21:40:44.140081,52.12,1151.0,22.08,93.7,34.34,311.441,-51.531,-9.1,-7.945,-3.402,-2.956,-1.732,-1.746,-1.284,-1.218,-0.769,-0.758,-0.599
2026-09-01T21:40:44.341167,316.79,7168.0,22.63,125.0,50.02,446.807,-50.867,-8.535,-7.476,-3.015,-2.634,-1.47,-1.538,-1.128,-1.134,-0.745,-0.755,-0.613
2026-09-01T21:40:44.541198,29.8,674.0,22.62,125.0,29.48,265.588,-52.046,-9.552,-8.333,-3.731,-3.23,-1.967,-1.954,-1.477,-1.432,-1.005,-0.989,-0.829
2026-09-01T21:40:44.741259,724.13,16383.0,22.62,125.0,57.2,441.466,-50.247,-7.998,-7.017,-2.623,-2.302,-1.192,-1.293,-0.907,-0.944,-0.587,-0.61,-0.509
2026-09-01T21:40:44.941160,724.08,16384.0,22.63,93.7,57.2,522.279,-51.591,-9.171,-8.025,-3.487,-3.039,-1.819,-1.839,-1.386,-1.357,-0.937,-0.919,-0.754
2026-09-01T21:40:45.141200,46341.0,1048577.0,22.63,125.0,93.32,691.15,-50.653,-8.35,-7.319,-2.882,-2.522,-1.375,-1.457,-1.059,-1.075,-0.695,-0.713,-0.577
2026-09-01T21:40:45.341989,11675.42,262144.0,22.45,125.0,81.35,536.869,-51.975,-9.423,-8.13,-3.507,-3.06,-1.892,-1.855,-1.319,-1.289,-0.942,-0.91,-0.948
2026-09-01T21:40:45.541135,115076.01,2075137.0,18.03,125.0,101.22,709.415,-51.608,-8.993,-7.651,-3.101,-2.77,-1.744,-1.774,-1.381,-1.416,-0.746,-0.308,0.155
2026-09-01T21:40:45.741109,105817.63,2138113.0,20.21,125.0,100.49,735.795,-51.482,-9.068,-7.926,-3.394,-2.943,-1.716,-1.737,-1.301,-1.299,-0.915,-0.921,-0.758
2026-09-01T21:40:45.941092,377188.0,8388608.0,22.24,125.0,111.53,801.413,-50.74,-8.424,-7.382,-2.939,-2.575,-1.424,-1.502,-1.098,-1.094,-0.695,-0.712,-0.573
2026-09-01T21:40:46.141101,78.89,1183.0,15.0,125.0,37.94,383.579,-51.594,-8.994,-7.646,-2.988,-2.432,-1.122,-1.105,-0.691,-0.657,-0.257,-0.358,-0.577
2026-09-01T21:40:46.341947,4191.73,94848.0,22.63,125.0,72.45,557.332,-50.541,-8.253,-7.238,-2.815,-2.466,-1.328,-1.418,-1.026,-1.048,-0.672,-0.694,-0.562
2026-09-01T21:40:46.540871,1.71,33.0,19.29,125.0,4.67,111.097,-35.75,1.755,-0.429,2.117,1.406,1.893,1.299,1.232,0.77,0.638,0.011,-0.537
2026-09-01T21:40:46.741173,324386.72,7340033.0,22.63,125.0,110.22,836.774,-51.793,-9.352,-8.184,-3.626,-3.161,-1.925,-1.932,-1.468,-1.428,-0.999,-0.973,-0.801
2026-09-01T21:40:46.941175,139022.84,3145728.0,22.63,125.0,102.86,793.111,-51.419,-9.018,-7.891,-3.37,-2.937,-1.729,-1.76,-1.318,-1.297,-0.884,-0.873,-0.714
2026-09-01T21:40:47.141161,414810.38,8388608.0,20.22,125.0,112.36,814.76,-51.459,-9.058,-7.93,-3.414,-2.978,-1.759,-1.777,-1.321,-1.285,-0.88,-0.9,-0.773
2026-09-01T21:40:47.340890,250920.72,5242879.0,20.89,125.0,107.99,786.33,-51.85,-9.405,-8.231,-3.67,-3.207,-1.97,-1.951,-1.478,-1.438,-1.008,-0.973,-0.801
2026-09-01T21:40:47.541072,11.44,256.0,22.38,125.0,21.17,297.434,-52.062,-9.617,-8.447,-3.887,-3.423,-2.19,-2.203,-1.75,-1.722,-1.3,-1.276,-1.097
2026-09-01T21:40:47.741334,1.63,31.0,18.97,125.0,4.27,190.955,-49.086,-6.889,-5.976,-1.661,-1.429,-0.419,-0.666,-0.456,-0.672,-0.489,-0.689,-0.692
2026-09-01T21:40:47.941123,231704.75,5242880.0,22.63,93.7,107.3,723.069,-50.199,-7.963,-6.996,-2.616,-2.301,-1.191,-1.305,-0.932,-0.97,-0.608,-0.64,-0.518
2026-09-01T21:40:48.141171,243289.98,5505024.0,22.63,125.0,107.72,742.295,-52.708,-10.187,-8.938,-4.303,-3.77,-2.472,-2.424,-1.91,-1.825,-1.354,-1.291,-1.085
2026-09-01T21:40:48.341101,278045.69,6291455.0,22.63,125.0,108.88,831.3,-51.674,-9.245,-8.09,-3.543,-3.088,-1.861,-1.876,-1.418,-1.385,-0.96,-0.94,-0.772
2026-09-01T21:40:48.541046,23578.54,533486.0,22.63,125.0,87.45,669.415,-52.297,-9.809,-8.593,-3.991,-3.487,-2.215,-2.19,-1.698,-1.632,-1.18,-1.136,-0.947
2026-09-01T21:40:48.739416,185375.11,4194560.0,22.63,93.7,105.36,805.227,-51.861,-9.413,-8.239,-3.674,-3.204,-1.963,-1.965,-1.497,-1.454,-1.021,-0.993,-0.819
2026-09-01T21:40:48.940788,225188.67,5095424.0,22.63,125.0,107.05,759.129,-52.564,-10.053,-8.815,-4.191,-3.667,-2.378,-2.338,-1.831,-1.751,-1.289,-1.234,-1.035
2026-09-01T21:40:49.140686,45.26,1024.0,22.62,93.7,33.12,265.178,-49.865,-7.633,-6.674,-2.301,-1.997,-0.9,-1.031,-0.681,-0.75,-0.424,-0.495,-0.407
2026-09-01T21:40:49.340748,20.3,419.0,20.64,125.0,26.15,320.47,-51.289,-8.908,-7.801,-3.302,-2.883,-1.681,-1.714,-1.273,-1.251,-0.853,-0.873,-0.741
2026-09-01T21:40:49.540833,324386.66,7340032.0,22.63,125.0,110.22,838.068,-51.745,-9.309,-8.146,-3.593,-3.132,-1.899,-1.909,-1.448,-1.41,-0.983,-0.96,-0.789
2026-09-01T21:40:49.741730,427.06,8959.0,20.98,125.0,52.61,469.114,-51.991,-9.528,-8.341,-3.767,-3.289,-2.031,-2.008,-1.519,-1.462,-1.033,-1.041,-0.886
2026-09-01T21:40:49.939395,91598.71,2072541.0,22.63,125.0,99.24,772.172,-51.449,-9.044,-7.914,-3.39,-2.955,-1.744,-1.773,-1.329,-1.307,-0.892,-0.881,-0.721
2026-09-01T21:40:50.140945,2008.15,45439.0,22.63,125.0,66.06,553.718,-52.139,-9.664,-8.463,-3.873,-3.381,-2.12,-2.105,-1.622,-1.564,-1.119,-1.08,-0.896
2026-09-01T21:40:50.340832,12900.0,262144.0,20.32,125.0,82.21,628.791,-51.708,-9.275,-8.115,-3.564,-3.102,-1.865,-1.876,-1.422,-1.399,-0.981,-0.958,-0.784
2026-09-01T21:40:50.539483,0.9,1.0,1.12,125.0,0.0,56.406,-11.156,1.892,0.666,2.264,1.898,2.246,1.758,1.638,1.402,1.358,0.801,0.38
2026-09-01T21:40:50.740863,24644.33,557056.0,22.6,125.0,87.83,581.604,-51.385,-8.958,-7.829,-3.299,-2.862,-1.646,-1.711,-1.277,-1.246,-0.85,-0.876,-0.734
2026-09-01T21:40:50.940895,76752.16,1736703.0,22.63,125.0,97.7,692.411,-50.355,-8.094,-7.105,-2.705,-2.374,-1.251,-1.354,-0.973,-1.004,-0.636,-0.664,-0.537
2026-09-01T21:40:51.141183,146198.28,2752512.0,18.83,93.7,103.3,796.27,-52.213,-9.229,-7.621,-2.842,-2.352,-1.088,-1.235,-0.795,-0.683,-0.434,-0.773,-0.973
2026-09-01T21:40:51.540816,92681.9,2097152.0,22.63,125.0,99.34,733.389,-52.375,-9.88,-8.658,-4.049,-3.538,-2.262,-2.233,-1.737,-1.668,-1.212,-1.163,-0.969
2026-09-01T21:40:51.740795,11675.44,264185.0,22.63,93.7,81.35,569.142,-52.754,-10.23,-8.977,-4.339,-3.803,-2.503,-2.452,-1.935,-1.848,-1.375,-1.31,-1.102
2026-09-01T21:40:51.940814,51002.84,1028096.0,20.16,125.0,94.15,709.575,-51.939,-9.483,-8.303,-3.737,-3.27,-2.03,-2.03,-1.558,-1.488,-1.032,-1.005,-0.828
2026-09-01T21:40:52.140940,104408.02,2359296.0,22.6,125.0,100.37,651.199,-52.149,-9.633,-8.411,-3.812,-3.319,-2.041,-2.051,-1.565,-1.485,-1.091,-1.146,-1.034
2026-09-01T21:40:52.340781,9435.59,213503.0,22.63,125.0,79.5,569.964,-50.24,-7.997,-7.025,-2.639,-2.32,-1.206,-1.317,-0.942,-0.978,-0.614,-0.646,-0.522
2026-09-01T21:40:52.540837,2894.77,65200.0,22.52,93.7,69.23,594.16,-51.521,-9.083,-7.932,-3.393,-2.948,-1.717,-1.755,-1.3,-1.255,-0.872,-0.923,-0.813
2026-09-01T21:40:52.740831,3141.98,70528.0,22.45,125.0,69.94,575.404,-52.145,-9.671,-8.469,-3.88,-3.389,-2.132,-2.119,-1.631,-1.568,-1.12,-1.079,-0.896
2026-09-01T21:40:52.940810,2899.34,65604.0,22.63,125.0,69.25,584.383,-51.226,-8.848,-7.743,-3.242,-2.827,-1.634,-1.678,-1.246,-1.235,-0.83,-0.827,-0.674
2026-09-01T21:40:53.140785,335.43,7590.0,22.63,125.0,50.51,465.082,-52.086,-9.618,-8.422,-3.839,-3.351,-2.095,-2.085,-1.605,-1.552,-1.11,-1.073,-0.89
2026-09-01T21:40:53.340786,67799.52,1441760.0,21.27,125.0,96.62,755.027,-51.534,-8.942,-7.68,-3.097,-2.663,-1.424,-1.516,-1.066,-0.987,-0.675,-0.87,-0.892
2026-09-01T21:40:53.540831,20086.34,367741.0,18.31,125.0,86.06,682.189,-51.748,-9.311,-8.149,-3.595,-3.136,-1.906,-1.917,-1.453,-1.411,-0.98,-0.957,-0.788
2026-09-01T21:40:53.739170,156626.98,3544064.0,22.63,125.0,103.9,798.253,-51.383,-8.986,-7.864,-3.346,-2.917,-1.711,-1.745,-1.304,-1.285,-0.874,-0.864,-0.707
2026-09-01T21:40:53.940631,227433.66,4194304.0,18.44,125.0,107.14,796.617,-51.924,-9.469,-8.286,-3.712,-3.231,-1.982,-1.978,-1.507,-1.475,-1.052,-1.019,-0.842
2026-09-01T21:40:54.140720,396615.97,8388608.0,21.15,125.0,111.97,794.688,-51.521,-9.1,-7.955,-3.418,-2.963,-1.727,-1.752,-1.313,-1.305,-0.914,-0.921,-0.762
2026-09-01T21:40:54.340721,46341.0,1048577.0,22.63,125.0,93.32,736.881,-51.745,-9.309,-8.146,-3.593,-3.132,-1.899,-1.909,-1.448,-1.411,-0.983,-0.96,-0.789
2026-09-01T21:40:54.540811,191085.19,4194304.0,21.95,125.0,105.62,730.577,-54.114,-11.242,-9.642,-4.867,-4.344,-3.152,-3.027,-2.497,-2.407,-1.615,-1.061,-0.491
2026-09-01T21:40:54.740770,62224.07,1306303.0,20.99,125.0,95.88,628.746,-44.377,-12.805,-5.582,-4.533,-2.038,-2.155,-1.338,-1.48,-1.063,-0.966,-0.771,-0.792
2026-09-01T21:40:54.941165,161107.2,3645440.0,22.63,125.0,104.14,796.818,-51.304,-8.917,-7.803,-3.294,-2.871,-1.672,-1.711,-1.275,-1.26,-0.852,-0.846,-0.69
2026-09-01T21:40:55.140546,5.55,124.0,22.33,93.7,14.89,174.189,-46.763,-5.053,-4.582,-0.62,-0.654,0.163,-0.197,-0.041,-0.281,-0.102,-0.304,-0.342
2026-09-01T21:40:55.340649,179571.28,4063232.0,22.63,125.0,105.08,799.492,-51.238,-8.858,-7.753,-3.25,-2.834,-1.64,-1.683,-1.251,-1.239,-0.834,-0.83,-0.677
2026-09-01T21:40:55.541359,21.94,496.0,22.61,93.7,26.82,336.543,-51.89,-9.449,-8.283,-3.726,-3.262,-2.028,-2.039,-1.58,-1.546,-1.121,-1.098,-0.924
2026-09-01T21:40:55.741411,146586.11,3136512.0,21.4,125.0,103.32,743.163,-51.737,-9.29,-8.128,-3.576,-3.127,-1.903,-1.93,-1.452,-1.373,-0.957,-0.988,-0.871
2026-09-01T21:40:55.940426,44.07,997.0,22.62,93.7,32.88,371.241,-51.906,-9.459,-8.286,-3.723,-3.254,-2.015,-2.02,-1.555,-1.516,-1.085,-1.058,-0.882
2026-09-01T21:40:56.140712,62388.52,1310721.0,21.01,125.0,95.9,715.103,-52.201,-9.457,-7.995,-3.378,-3.021,-1.988,-1.993,-1.581,-1.596,-0.87,-0.359,0.158
2026-09-01T21:40:56.341062,127963.09,2883583.0,22.53,93.7,102.14,791.271,-51.528,-9.096,-7.935,-3.397,-2.949,-1.736,-1.756,-1.296,-1.246,-0.862,-0.905,-0.769
2026-09-01T21:40:56.540529,23170.52,524289.0,22.63,125.0,87.3,651.533,-50.607,-8.31,-7.285,-2.854,-2.498,-1.355,-1.441,-1.045,-1.064,-0.686,-0.705,-0.571
2026-09-01T21:40:56.740484,0.95,5.0,5.29,125.0,0.0,70.902,-13.795,1.73,-0.222,1.842,1.368,1.788,1.173,1.009,0.729,0.713,0.165,-0.321
2026-09-01T21:40:56.940651,26148.54,530432.0,20.29,125.0,88.35,689.129,-51.246,-8.867,-7.76,-3.258,-2.846,-1.653,-1.679,-1.241,-1.231,-0.827,-0.817,-0.666
2026-09-01T21:40:57.139618,3982.43,90112.0,22.63,125.0,72.0,610.262,-51.692,-9.261,-8.104,-3.555,-3.099,-1.87,-1.884,-1.425,-1.39,-0.966,-0.946,-0.778
2026-09-01T21:40:57.340448,8915.16,201727.0,22.63,125.0,79.0,630.792,-52.146,-9.671,-8.469,-3.879,-3.386,-2.125,-2.109,-1.626,-1.568,-1.122,-1.083,-0.898
2026-09-01T21:40:57.540440,2896.32,65536.0,22.63,93.7,69.24,594.284,-51.635,-9.211,-8.06,-3.517,-3.065,-1.841,-1.857,-1.402,-1.37,-0.948,-0.929,-0.762
2026-09-01T21:40:57.740410,0.9,2.0,2.22,125.0,0.0,66.429,-18.098,4.122,0.089,2.445,1.823,2.335,1.745,1.658,1.323,1.306,0.782,0.306
2026-09-01T21:40:57.940604,46340.95,1048576.0,22.63,125.0,93.32,738.01,-51.683,-9.253,-8.097,-3.55,-3.094,-1.866,-1.88,-1.422,-1.388,-0.963,-0.942,-0.774
2026-09-01T21:40:58.140519,80027.09,1794043.0,22.42,125.0,98.06,753.219,-52.01,-9.547,-8.359,-3.781,-3.3,-2.05,-2.043,-1.566,-1.512,-1.071,-1.037,-0.858
2026-09-01T21:40:58.340583,60822.45,1376255.0,22.63,93.7,95.68,641.601,-52.728,-10.206,-8.955,-4.319,-3.784,-2.486,-2.436,-1.921,-1.835,-1.363,-1.299,-1.092
2026-09-01T21:40:58.540499,140.02,3168.0,22.63,125.0,42.92,395.436,-50.756,-8.44,-7.397,-2.95,-2.58,-1.426,-1.503,-1.1,-1.112,-0.728,-0.74,-0.6
2026-09-01T21:40:58.738892,92681.9,2097152.0,22.63,93.7,99.34,774.543,-51.574,-9.156,-8.012,-3.475,-3.029,-1.809,-1.83,-1.378,-1.349,-0.93,-0.913,-0.749
2026-09-01T21:40:58.940484,185363.8,4194304.0,22.63,125.0,105.36,776.068,-52.302,-9.813,-8.597,-3.994,-3.489,-2.218,-2.193,-1.7,-1.635,-1.182,-1.136,-0.946
2026-09-01T21:40:59.140502,1.71,33.0,19.28,125.0,4.67,200.115,-49.709,-7.479,-6.531,-2.184,-1.924,-0.895,-1.13,-0.914,-1.128,-0.944,-1.141,-1.133
2026-09-01T21:40:59.340540,93596.58,2097151.0,22.41,125.0,99.43,693.163,-50.428,-7.996,-6.894,-2.449,-2.124,-0.973,-1.132,-0.737,-0.712,-0.452,-0.686,-0.729
2026-09-01T21:40:59.740478,370738.88,8388607.0,22.63,125.0,111.38,770.92,-52.673,-10.155,-8.908,-4.276,-3.746,-2.45,-2.404,-1.892,-1.809,-1.339,-1.275,-1.069
2026-09-01T21:40:59.940410,185369.41,4194303.0,22.63,125.0,105.36,804.164,-51.886,-9.436,-8.259,-3.692,-3.219,-1.977,-1.978,-1.508,-1.464,-1.03,-1.001,-0.825
2026-09-01T21:41:00.139319,62657.82,1048575.0,16.73,125.0,95.94,733.291,-51.912,-9.418,-8.186,-3.617,-3.175,-2.003,-1.99,-1.549,-1.551,-1.016,-0.788,-0.466
2026-09-01T21:41:00.340697,98312.04,2097152.0,21.33,125.0,99.85,758.239,-52.708,-10.083,-8.72,-4.073,-3.597,-2.417,-2.366,-1.898,-1.878,-1.261,-0.931,-0.531
2026-09-01T21:41:00.540447,5792.62,131072.0,22.63,125.0,75.26,628.835,-51.458,-9.053,-7.922,-3.396,-2.96,-1.749,-1.778,-1.333,-1.31,-0.895,-0.883,-0.722
2026-09-01T21:41:00.740361,5792.62,131072.0,22.63,125.0,75.26,616.105,-52.033,-9.568,-8.377,-3.797,-3.313,-2.06,-2.052,-1.574,-1.522,-1.082,-1.047,-0.866
2026-09-01T21:41:00.940486,382137.25,8388608.0,21.95,125.0,111.64,740.796,-53.252,-10.144,-8.41,-3.523,-2.941,-1.6,-1.682,-1.184,-1.019,-0.727,-1.034,-1.208
2026-09-01T21:41:01.140489,104807.38,2371520.0,22.63,125.0,100.41,702.038,-50.293,-8.042,-7.062,-2.669,-2.345,-1.228,-1.335,-0.957,-0.991,-0.625,-0.654,-0.529
2026-09-01T21:41:01.340720,92727.2,2098177.0,22.63,125.0,99.34,754.581,-51.047,-8.691,-7.609,-3.127,-2.729,-1.55,-1.606,-1.184,-1.182,-0.785,-0.789,-0.642
2026-09-01T21:41:01.540669,58227.36,1316102.0,22.6,125.0,95.3,748.025,-51.75,-9.305,-8.138,-3.581,-3.118,-1.876,-1.89,-1.425,-1.378,-0.965,-0.97,-0.822
2026-09-01T21:41:01.741037,92681.95,2097153.0,22.63,125.0,99.34,749.725,-50.971,-8.625,-7.552,-3.079,-2.688,-1.515,-1.576,-1.159,-1.16,-0.767,-0.773,-0.628
2026-09-01T21:41:01.940340,370727.59,8388608.0,22.63,125.0,111.38,836.134,-51.968,-9.51,-8.325,-3.75,-3.271,-2.023,-2.018,-1.545,-1.496,-1.058,-1.026,-0.847
2026-09-01T21:41:02.138721,11494.73,260096.0,22.63,125.0,81.21,585.524,-52.699,-10.179,-8.93,-4.296,-3.764,-2.467,-2.42,-1.906,-1.821,-1.351,-1.288,-1.082
2026-09-01T21:41:02.340372,23196.05,524288.0,22.6,125.0,87.31,694.892,-51.965,-9.51,-8.323,-3.752,-3.278,-2.044,-2.034,-1.567,-1.531,-1.071,-0.995,-0.783
2026-09-01T21:41:02.541152,27456.44,563072.0,20.51,125.0,88.77,701.237,-51.428,-8.811,-7.533,-2.949,-2.527,-1.299,-1.412,-0.972,-0.895,-0.6,-0.823,-0.874
2026-09-01T21:41:02.740864,0.91,1.0,1.1,93.7,0.0,67.727,-12.073,1.168,0.124,1.863,1.541,1.922,1.361,1.172,0.921,0.861,0.27,-0.257
2026-09-01T21:41:02.940227,131135.89,2099196.0,16.01,125.0,102.35,765.989,-51.286,-8.901,-7.791,-3.285,-2.871,-1.683,-1.725,-1.282,-1.25,-0.831,-0.825,-0.677
2026-09-01T21:41:03.140272,90.56,2048.0,22.62,93.7,39.14,302.58,-50.244,-7.982,-6.992,-2.591,-2.259,-1.128,-1.234,-0.881,-0.944,-0.607,-0.655,-0.535
2026-09-01T21:41:03.340340,185363.8,4194304.0,22.63,125.0,105.36,796.915,-51.156,-8.786,-7.69,-3.197,-2.788,-1.601,-1.649,-1.222,-1.214,-0.812,-0.812,-0.661
2026-09-01T21:41:03.540219,370560.41,8384825.0,22.63,93.7,111.38,846.643,-51.617,-9.194,-8.045,-3.504,-3.054,-1.831,-1.849,-1.395,-1.364,-0.943,-0.924,-0.758
2026-09-01T21:41:03.738657,46346.65,1048705.0,22.63,125.0,93.32,710.419,-52.225,-9.743,-8.534,-3.937,-3.438,-2.172,-2.152,-1.663,-1.602,-1.153,-1.11,-0.922
2026-09-01T21:41:03.940074,185369.45,4194304.0,22.63,93.7,105.36,698.3,-50.312,-8.058,-7.076,-2.682,-2.356,-1.236,-1.339,-0.958,-0.991,-0.623,-0.656,-0.533
2026-09-01T21:41:04.139717,2.88,62.0,21.51,125.0,9.2,185.037,-48.129,-5.991,-5.114,-0.81,-0.567,0.477,0.319,0.669,0.612,0.95,0.877,0.912
2026-09-01T21:41:04.341062,275210.34,6225920.0,22.62,125.0,108.79,708.855,-50.595,-8.295,-7.275,-2.849,-2.508,-1.383,-1.497,-1.133,-1.176,-0.782,-0.762,-0.546
2026-09-01T21:41:04.540132,46341.32,1048576.0,22.63,125.0,93.32,677.742,-52.562,-10.052,-8.814,-4.19,-3.667,-2.379,-2.339,-1.833,-1.754,-1.29,-1.233,-1.032
2026-09-01T21:41:04.740248,70778.79,1601536.0,22.63,125.0,97.0,759.752,-51.702,-9.27,-8.112,-3.563,-3.106,-1.876,-1.889,-1.43,-1.395,-0.969,-0.948,-0.779
2026-09-01T21:41:04.940230,20274.12,458751.0,22.63,125.0,86.14,645.317,-50.616,-8.318,-7.292,-2.86,-2.503,-1.359,-1.444,-1.047,-1.066,-0.687,-0.706,-0.572
2026-09-01T21:41:05.140186,349005.25,7897087.0,22.63,93.7,110.86,727.607,-52.685,-10.166,-8.918,-4.285,-3.754,-2.458,-2.411,-1.898,-1.814,-1.344,-1.282,-1.076
2026-09-01T21:41:05.340165,271891.09,6152193.0,22.63,125.0,108.69,811.831,-52.1,-9.629,-8.431,-3.845,-3.356,-2.098,-2.085,-1.604,-1.549,-1.105,-1.068,-0.884
2026-09-01T21:41:05.540150,312385.47,6750208.0,21.61,125.0,109.89,834.331,-51.714,-9.281,-8.122,-3.572,-3.114,-1.884,-1.896,-1.437,-1.399,-0.972,-0.95,-0.781
2026-09-01T21:41:05.740480,34755.71,786432.0,22.63,125.0,90.82,684.884,-52.348,-9.856,-8.635,-4.028,-3.52,-2.246,-2.218,-1.723,-1.656,-1.201,-1.153,-0.96
2026-09-01T21:41:05.940214,6835.88,154624.0,22.62,93.7,76.7,638.784,-51.655,-9.228,-8.076,-3.531,-3.077,-1.852,-1.867,-1.411,-1.378,-0.955,-0.935,-0.768
2026-09-01T21:41:06.140264,213179.33,4718592.0,22.13,125.0,106.57,780.47,-50.838,-8.509,-7.454,-2.997,-2.623,-1.473,-1.547,-1.123,-1.116,-0.717,-0.727,-0.593
2026-09-01T21:41:06.340011,1.3,21.0,16.19,93.7,2.26,176.901,-47.418,-5.471,-4.764,-0.594,-0.464,0.483,0.244,0.523,0.395,0.7,0.612,0.604
2026-09-01T21:41:06.540162,92681.95,2097153.0,22.63,125.0,99.34,686.753,-50.229,-7.988,-7.017,-2.633,-2.315,-1.203,-1.314,-0.94,-0.977,-0.613,-0.645,-0.522
2026-09-01T21:41:06.740105,548.67,12415.0,22.63,93.7,54.79,501.342,-51.302,-8.914,-7.801,-3.291,-2.869,-1.669,-1.708,-1.272,-1.256,-0.848,-0.842,-0.686
2026-09-01T21:41:06.940682,1.29,21.0,16.31,125.0,2.2,149.571,-44.603,-3.141,-2.835,1.018,0.91,1.629,1.082,0.969,0.424,0.227,-0.371,-0.706
2026-09-01T21:41:07.140027,92681.95,2097153.0,22.63,125.0,99.34,693.09,-52.703,-10.183,-8.934,-4.299,-3.766,-2.469,-2.421,-1.908,-1.823,-1.352,-1.289,-1.083
2026-09-01T21:41:07.340182,319030.78,7214081.0,22.61,125.0,110.08,830.204,-51.931,-9.477,-8.295,-3.724,-3.248,-2.003,-2.001,-1.529,-1.481,-1.045,-1.014,-0.837
2026-09-01T21:41:07.540089,28957.44,655232.0,22.63,125.0,89.24,712.515,-51.458,-9.053,-7.922,-3.397,-2.96,-1.749,-1.778,-1.333,-1.31,-0.895,-0.883,-0.723
2026-09-01T21:41:07.939903,414486.88,8388608.0,20.24,125.0,112.35,825.484,-52.022,-9.557,-8.364,-3.782,-3.292,-2.025,-2.012,-1.552,-1.518,-1.092,-1.057,-0.869
2026-09-01T21:41:08.139819,0.9,2.0,2.22,125.0,0.0,90.607,-26.834,3.902,-0.151,2.026,1.205,1.536,0.998,1.138,0.901,0.84,0.254,-0.101
2026-09-01T21:41:08.340031,369822.47,8368127.0,22.63,125.0,111.36,740.132,-50.231,-7.989,-7.018,-2.634,-2.316,-1.203,-1.315,-0.94,-0.977,-0.614,-0.645,-0.522
2026-09-01T21:41:08.540012,16.0,320.0,20.0,125.0,24.08,320.067,-51.781,-9.023,-7.621,-2.966,-2.518,-1.273,-1.398,-0.957,-0.863,-0.586,-0.854,-0.957
2026-09-01T21:41:08.738352,1.67,32.0,19.11,125.0,4.48,139.351,-42.172,-1.629,-2.062,1.298,0.892,1.47,0.93,0.927,0.524,0.502,0.066,-0.232
2026-09-01T21:41:08.940041,1031.85,23348.0,22.63,125.0,60.27,537.997,-51.415,-9.015,-7.889,-3.368,-2.936,-1.728,-1.759,-1.317,-1.296,-0.884,-0.873,-0.714
2026-09-01T21:41:09.139990,185444.39,4194304.0,22.62,125.0,105.36,752.827,-50.528,-8.244,-7.23,-2.809,-2.461,-1.327,-1.418,-1.029,-1.054,-0.675,-0.686,-0.547
2026-09-01T21:41:09.340041,2.93,63.0,21.48,125.0,9.35,229.01,-50.876,-8.51,-7.431,-2.959,-2.578,-1.416,-1.525,-1.155,-1.197,-0.879,-0.973,-0.883
2026-09-01T21:41:09.539915,362.1,8192.0,22.62,125.0,51.18,420.177,-50.442,-8.17,-7.17,-2.761,-2.423,-1.294,-1.389,-1.001,-1.028,-0.656,-0.679,-0.55
2026-09-01T21:41:09.740001,47586.2,1055743.0,22.19,125.0,93.55,717.403,-51.048,-8.588,-7.441,-2.933,-2.537,-1.334,-1.432,-1.001,-0.955,-0.638,-0.796,-0.776
2026-09-01T21:41:09.939933,335994.53,7602688.0,22.63,125.0,110.53,829.525,-51.995,-9.534,-8.346,-3.769,-3.288,-2.038,-2.032,-1.557,-1.507,-1.068,-1.034,-0.855
2026-09-01T21:41:10.139982,1465.72,32768.0,22.36,125.0,63.32,453.737,-52.867,-10.036,-8.553,-3.806,-3.262,-1.93,-1.965,-1.446,-1.289,-0.946,-1.146,-1.186
2026-09-01T21:41:10.339150,92869.87,2097152.0,22.58,125.0,99.36,765.492,-52.022,-9.561,-8.366,-3.789,-3.314,-2.082,-2.067,-1.599,-1.565,-1.093,-0.998,-0.772
2026-09-01T21:41:10.539940,37652.02,851968.0,22.63,125.0,91.52,630.027,-52.756,-10.232,-8.978,-4.341,-3.804,-2.504,-2.453,-1.937,-1.849,-1.376,-1.311,-1.103
2026-09-01T21:41:10.739682,0.9,1.0,1.11,93.7,0.0,67.122,-12.037,1.209,0.172,1.916,1.599,1.983,1.426,1.242,0.993,0.936,0.344,-0.19
2026-09-01T21:41:10.939968,370727.63,8388608.0,22.63,125.0,111.38,759.222,-52.73,-10.207,-8.956,-4.32,-3.785,-2.487,-2.437,-1.922,-1.836,-1.364,-1.3,-1.093
2026-09-01T21:41:11.139908,100153.8,2260993.0,22.58,125.0,100.01,650.257,-51.209,-8.817,-7.683,-3.18,-2.781,-1.632,-1.659,-1.239,-1.253,-0.765,-0.618,-0.361
2026-09-01T21:41:11.339832,37214.99,842079.0,22.63,125.0,91.41,695.751,-50.874,-8.54,-7.48,-3.018,-2.636,-1.47,-1.538,-1.127,-1.133,-0.744,-0.754,-0.612
2026-09-01T21:41:11.539851,5792.58,131071.0,22.63,93.7,75.26,533.238,-12.962,-0.169,-1.606,-0.066,-0.362,0.037,-0.294,-0.251,-0.439,-0.261,-0.355,-0.339
2026-09-01T21:41:11.739783,196949.03,4456448.0,22.63,125.0,105.89,799.733,-51.15,-8.781,-7.686,-3.193,-2.785,-1.598,-1.647,-1.22,-1.212,-0.811,-0.81,-0.66
2026-09-01T21:41:11.939773,301003.16,6810623.0,22.63,93.7,109.57,835.849,-51.606,-9.183,-8.035,-3.494,-3.045,-1.82,-1.84,-1.386,-1.353,-0.936,-0.924,-0.764
2026-09-01T21:41:12.140331,284679.41,4587520.0,16.11,125.0,109.09,811.844,-51.441,-9.032,-7.9,-3.372,-2.931,-1.721,-1.771,-1.336,-1.313,-0.898,-0.892,-0.728
2026-09-01T21:41:12.339770,109.78,2484.0,22.63,93.7,40.81,420.899,-51.82,-9.378,-8.21,-3.651,-3.186,-1.95,-1.957,-1.494,-1.455,-1.025,-1.0,-0.827
2026-09-01T21:41:12.539858,259423.95,5769729.0,22.24,125.0,108.28,793.352,-52.415,-9.918,-8.685,-4.078,-3.578,-2.329,-2.292,-1.806,-1.756,-1.259,-1.137,-0.89
2026-09-01T21:41:12.740055,5973.6,131135.0,21.95,125.0,75.52,559.21,-51.806,-9.365,-8.197,-3.64,-3.178,-1.943,-1.936,-1.467,-1.43,-1.004,-0.978,-0.812
2026-09-01T21:41:12.939881,139030.34,3145727.0,22.63,125.0,102.86,767.282,-52.019,-9.844,-8.501,-3.958,-3.434,-2.18,-2.152,-1.668,-1.603,-1.156,-1.111,-0.924
2026-09-01T21:41:13.139788,132100.0,2129920.0,16.12,125.0,102.42,773.416,-51.469,-9.063,-7.932,-3.406,-2.971,-1.757,-1.782,-1.335,-1.311,-0.896,-0.89,-0.733
2026-09-01T21:41:13.339811,23170.47,524288.0,22.63,125.0,87.3,681.635,-51.034,-8.68,-7.599,-3.119,-2.722,-1.544,-1.6,-1.18,-1.178,-0.782,-0.786,-0.639
2026-09-01T21:41:13.539786,1403.12,31749.0,22.63,125.0,62.94,556.256,-51.526,-9.113,-7.974,-3.441,-2.999,-1.783,-1.807,-1.358,-1.332,-0.914,-0.899,-0.736
2026-09-01T21:41:13.738123,179709.89,4064257.0,22.62,125.0,105.09,788.7,-52.784,-9.348,-8.55,-3.807,-3.385,-2.093,-2.098,-1.605,-1.557,-1.107,-1.073,-0.886
2026-09-01T21:41:13.939758,11838.3,259584.0,21.93,125.0,81.47,542.438,-51.422,-8.765,-7.645,-3.122,-2.575,-1.143,-0.955,-0.106,0.122,0.624,0.044,-0.714
2026-09-01T21:41:14.139576,0.9,1.0,1.11,125.0,0.0,59.755,-13.581,2.869,0.345,2.402,1.828,2.288,1.731,1.664,1.42,1.359,0.792,0.389
2026-09-01T21:41:14.340405,362.04,8192.0,22.63,125.0,51.18,485.935,-51.66,-9.232,-8.078,-3.532,-3.078,-1.851,-1.866,-1.409,-1.376,-0.952,-0.931,-0.764
2026-09-01T21:41:14.539756,341447.69,7726079.0,22.63,125.0,110.67,786.915,-50.549,-8.26,-7.244,-2.82,-2.47,-1.331,-1.421,-1.028,-1.05,-0.674,-0.695,-0.563
2026-09-01T21:41:14.739607,12.58,284.0,22.57,93.7,22.0,311.219,-51.708,-9.288,-8.142,-3.604,-3.158,-1.94,-1.965,-1.521,-1.499,-1.086,-1.072,-0.904
2026-09-01T21:41:14.939781,205649.48,4194305.0,20.4,125.0,106.26,798.247,-51.875,-9.42,-8.24,-3.665,-3.192,-1.957,-1.968,-1.508,-1.475,-1.032,-0.975,-0.77
2026-09-01T21:41:15.140512,365118.88,8257537.0,22.62,93.7,111.25,748.034,-52.688,-10.17,-8.924,-4.293,-3.767,-2.478,-2.434,-1.916,-1.819,-1.341,-1.279,-1.079
2026-09-01T21:41:15.339647,33.95,768.0,22.62,125.0,30.62,327.754,-50.884,-8.555,-7.498,-3.04,-2.66,-1.497,-1.566,-1.156,-1.163,-0.774,-0.781,-0.636
2026-09-01T21:41:15.539711,249082.61,5636096.0,22.63,93.7,107.93,825.955,-51.626,-9.203,-8.053,-3.511,-3.06,-1.836,-1.854,-1.399,-1.368,-0.946,-0.927,-0.761
2026-09-01T21:41:15.738335,47.19,1060.0,22.46,125.0,33.48,338.551,-50.759,-8.431,-7.384,-2.935,-2.564,-1.399,-1.485,-1.077,-1.077,-0.714,-0.77,-0.663
2026-09-01T21:41:16.139569,92681.95,2097153.0,22.63,93.7,99.34,768.928,-51.326,-8.936,-7.82,-3.308,-2.884,-1.683,-1.72,-1.283,-1.267,-0.858,-0.851,-0.695
2026-09-01T21:41:16.339567,183010.55,4141056.0,22.63,125.0,105.25,785.686,-52.176,-9.698,-8.493,-3.901,-3.406,-2.143,-2.125,-1.64,-1.581,-1.134,-1.093,-0.907
2026-09-01T21:41:16.539669,60415.2,1367040.0,22.63,125.0,95.62,621.359,-51.922,-9.468,-8.288,-3.718,-3.242,-1.997,-1.996,-1.524,-1.478,-1.043,-1.012,-0.835
2026-09-01T21:41:16.739607,30773.25,696319.0,22.63,125.0,89.76,707.283,-51.957,-9.5,-8.316,-3.742,-3.264,-2.016,-2.013,-1.539,-1.491,-1.054,-1.023,-0.845
2026-09-01T21:41:16.939603,185363.84,4194305.0,22.63,125.0,105.36,800.021,-51.215,-8.838,-7.735,-3.235,-2.821,-1.629,-1.674,-1.243,-1.232,-0.828,-0.825,-0.673
2026-09-01T21:41:17.140353,11.39,257.0,22.56,125.0,21.13,258.69,-50.692,-8.391,-7.363,-2.928,-2.571,-1.427,-1.513,-1.118,-1.137,-0.755,-0.767,-0.625
2026-09-01T21:41:17.339616,371143.19,8388608.0,22.6,125.0,111.39,844.387,-51.428,-9.026,-7.898,-3.376,-2.942,-1.734,-1.765,-1.322,-1.3,-0.887,-0.876,-0.717
2026-09-01T21:41:17.539548,14391.04,325632.0,22.63,125.0,83.16,657.392,-52.123,-9.65,-8.45,-3.862,-3.371,-2.112,-2.098,-1.615,-1.559,-1.114,-1.076,-0.891
2026-09-01T21:41:17.739585,414486.03,8388607.0,20.24,125.0,112.35,767.823,-52.916,-10.326,-9.016,-4.382,-3.849,-2.545,-2.505,-2.017,-1.89,-1.366,-1.213,-0.973
2026-09-01T21:41:17.938513,255893.78,5767169.0,22.54,125.0,108.16,823.82,-51.882,-9.435,-8.255,-3.692,-3.227,-2.005,-2.0,-1.541,-1.514,-1.051,-0.967,-0.75
2026-09-01T21:41:18.139413,134612.56,2859008.0,21.24,125.0,102.58,685.728,-53.545,-10.288,-8.41,-3.429,-2.811,-1.459,-1.564,-1.088,-0.933,-0.676,-1.041,-1.294
2026-09-01T21:41:18.339533,2896.22,65534.0,22.63,125.0,69.24,472.849,-50.554,-8.263,-7.245,-2.82,-2.469,-1.329,-1.418,-1.025,-1.047,-0.67,-0.691,-0.558
2026-09-01T21:41:18.539420,334169.34,6291456.0,18.83,125.0,110.48,807.9,-51.429,-9.026,-7.897,-3.373,-2.935,-1.717,-1.743,-1.313,-1.303,-0.899,-0.889,-0.724
2026-09-01T21:41:18.737736,3212.15,58240.0,18.13,125.0,70.14,563.29,-51.605,-9.184,-8.039,-3.501,-3.064,-1.857,-1.881,-1.414,-1.354,-0.914,-0.897,-0.744
2026-09-01T21:41:18.939392,370774.31,8388576.0,22.62,125.0,111.38,746.95,-52.718,-10.19,-8.933,-4.298,-3.756,-2.453,-2.401,-1.89,-1.802,-1.34,-1.306,-1.143
2026-09-01T21:41:19.139308,240393.86,5439492.0,22.63,125.0,107.62,811.167,-52.011,-9.548,-8.359,-3.781,-3.298,-2.047,-2.04,-1.564,-1.513,-1.073,-1.039,-0.859
2026-09-01T21:41:19.339307,20455.14,462847.0,22.63,125.0,86.22,648.829,-52.437,-9.937,-8.709,-4.095,-3.58,-2.3,-2.267,-1.768,-1.695,-1.237,-1.185,-0.989
2026-09-01T21:41:19.539321,0.91,3.0,3.29,125.0,0.0,67.416,-12.777,1.686,-0.074,1.936,1.627,2.074,1.556,1.383,0.86,0.907,0.249,-0.653
2026-09-01T21:41:19.739515,524288.0,8388608.0,16.0,125.0,114.39,837.662,-51.282,-8.897,-7.788,-3.282,-2.869,-1.681,-1.724,-1.281,-1.248,-0.829,-0.823,-0.676
2026-09-01T21:41:19.939448,105155.44,2097153.0,19.94,125.0,100.44,688.087,-51.75,-9.123,-7.783,-3.074,-2.543,-1.253,-1.302,-0.998,-1.181,-0.739,-0.96,-1.379
2026-09-01T21:41:20.139420,2896.31,65536.0,22.63,125.0,69.24,504.887,-52.74,-10.218,-8.966,-4.33,-3.794,-2.495,-2.446,-1.93,-1.844,-1.372,-1.307,-1.1
2026-09-01T21:41:20.339418,37763.26,851968.0,22.56,93.7,91.54,631.563,-50.53,-8.243,-7.229,-2.806,-2.462,-1.328,-1.414,-1.008,-1.04,-0.666,-0.656,-0.507
2026-09-01T21:41:20.540144,43.94,994.0,22.62,125.0,32.86,296.888,-52.787,-10.276,-9.037,-4.413,-3.89,-2.605,-2.569,-2.07,-2.001,-1.543,-1.49,-1.287
2026-09-01T21:41:20.739251,23102.55,522751.0,22.63,93.7,87.27,702.255,-51.565,-9.148,-8.005,-3.468,-3.023,-1.804,-1.825,-1.374,-1.346,-0.927,-0.91,-0.746
2026-09-01T21:41:20.939438,28130.54,633599.0,22.52,125.0,88.98,678.451,-52.254,-9.76,-8.539,-3.939,-3.427,-2.151,-2.126,-1.64,-1.574,-1.133,-1.125,-0.992
2026-09-01T21:41:21.139205,370908.56,8388608.0,22.62,93.7,111.39,744.684,-50.267,-8.019,-7.041,-2.652,-2.328,-1.211,-1.324,-0.956,-0.987,-0.622,-0.669,-0.553
2026-09-01T21:41:21.339387,180.98,4095.0,22.63,125.0,45.15,422.082,-52.201,-9.719,-8.511,-3.915,-3.417,-2.151,-2.132,-1.644,-1.583,-1.135,-1.093,-0.907
2026-09-01T21:41:21.539441,92322.66,2088959.0,22.63,93.7,99.31,774.292,-51.565,-9.148,-8.005,-3.468,-3.023,-1.804,-1.826,-1.375,-1.346,-0.927,-0.91,-0.746
2026-09-01T21:41:21.739167,1431.14,32383.0,22.63,125.0,63.11,507.475,-50.614,-8.315,-7.289,-2.857,-2.5,-1.356,-1.441,-1.044,-1.063,-0.684,-0.703,-0.569
2026-09-01T21:41:21.939222,1.04,10.0,9.57,125.0,0.38,115.091,-35.313,1.738,-0.602,1.911,1.215,1.704,1.122,0.957,0.326,0.11,-0.619,-1.346
2026-09-01T21:41:22.139426,127516.8,2885376.0,22.63,125.0,102.11,730.375,-52.562,-10.052,-8.814,-4.19,-3.667,-2.379,-2.339,-1.832,-1.754,-1.29,-1.233,-1.032
2026-09-01T21:41:22.339275,1612.26,32576.0,20.21,125.0,64.15,557.332,-51.703,-9.272,-8.114,-3.565,-3.108,-1.879,-1.89,-1.43,-1.395,-0.97,-0.948,-0.779
2026-09-01T21:41:22.539399,191068.84,4194304.0,21.95,125.0,105.62,789.012,-51.031,-8.677,-7.597,-3.119,-2.725,-1.55,-1.608,-1.187,-1.177,-0.773,-0.778,-0.63
2026-09-01T21:41:22.739219,40548.33,917504.0,22.63,93.7,92.16,731.453,-51.645,-9.22,-8.068,-3.524,-3.071,-1.846,-1.863,-1.407,-1.375,-0.952,-0.932,-0.765
2026-09-01T21:41:22.937762,246412.61,5575681.0,22.63,125.0,107.83,807.108,-52.094,-9.624,-8.426,-3.841,-3.352,-2.095,-2.083,-1.602,-1.547,-1.103,-1.066,-0.883
2026-09-01T21:41:23.139249,278045.94,6291456.0,22.63,125.0,108.88,831.049,-51.692,-9.261,-8.104,-3.555,-3.099,-1.87,-1.883,-1.425,-1.39,-0.966,-0.945,-0.778
2026-09-01T21:41:23.339259,2083.56,47111.0,22.61,125.0,66.38,562.905,-52.03,-9.566,-8.374,-3.795,-3.311,-2.059,-2.051,-1.572,-1.52,-1.079,-1.044,-0.864
2026-09-01T21:41:23.539272,57926.3,1310721.0,22.63,93.7,95.26,747.155,-51.405,-9.006,-7.881,-3.361,-2.93,-1.723,-1.755,-1.313,-1.293,-0.881,-0.869,-0.709
2026-09-01T21:41:23.737694,5792.62,131072.0,22.63,125.0,75.26,590.301,-50.751,-8.434,-7.39,-2.942,-2.571,-1.416,-1.492,-1.088,-1.1,-0.716,-0.73,-0.592
2026-09-01T21:41:23.939185,271.53,6144.0,22.63,93.7,48.68,471.269,-51.594,-9.175,-8.029,-3.491,-3.043,-1.822,-1.842,-1.39,-1.361,-0.941,-0.924,-0.758
2026-09-01T21:41:24.339184,191156.44,4194304.0,21.94,125.0,105.63,774.869,-52.253,-9.763,-8.547,-3.951,-3.446,-2.175,-2.155,-1.672,-1.613,-1.189,-1.195,-1.05
2026-09-01T21:41:24.539994,5792.62,131072.0,22.63,125.0,75.26,499.275,-51.864,-9.415,-8.24,-3.674,-3.204,-1.962,-1.964,-1.496,-1.452,-1.02,-0.991,-0.817
2026-09-01T21:41:24.739278,12218.93,276479.0,22.63,125.0,81.74,658.687,-51.965,-9.506,-8.321,-3.747,-3.268,-2.019,-2.014,-1.541,-1.492,-1.055,-1.026,-0.852
2026-09-01T21:41:24.939362,22265.33,503807.0,22.63,125.0,86.95,690.105,-51.221,-8.843,-7.739,-3.239,-2.824,-1.632,-1.676,-1.245,-1.234,-0.829,-0.826,-0.674
2026-09-01T21:41:25.139123,51047.69,1155071.0,22.63,125.0,94.16,652.691,-50.21,-7.97,-7.002,-2.62,-2.303,-1.191,-1.303,-0.93,-0.967,-0.606,-0.643,-0.528
2026-09-01T21:41:25.339006,729.16,16387.0,22.47,125.0,57.26,509.119,-51.139,-8.727,-7.59,-3.091,-2.658,-1.457,-1.507,-1.104,-1.093,-0.721,-0.822,-0.837
2026-09-01T21:41:25.539141,279493.84,6324224.0,22.63,125.0,108.93,774.943,-50.53,-8.244,-7.23,-2.808,-2.46,-1.323,-1.414,-1.022,-1.045,-0.67,-0.692,-0.56
2026-09-01T21:41:25.738932,5.73,128.0,22.35,125.0,15.16,260.011,-50.775,-8.402,-7.303,-2.808,-2.395,-1.201,-1.241,-0.799,-0.774,-0.369,-0.381,-0.263
2026-09-01T21:41:25.939131,225.39,4095.0,18.17,125.0,47.06,374.298,-50.962,-8.317,-6.943,-2.35,-1.868,-0.699,-0.855,-0.609,-0.659,-0.361,-0.673,-1.08
2026-09-01T21:41:26.139186,139034.13,3145599.0,22.62,125.0,102.86,727.277,-52.624,-10.11,-8.868,-4.239,-3.712,-2.421,-2.377,-1.865,-1.785,-1.319,-1.255,-1.051
2026-09-01T21:41:26.339925,324818.78,7320523.0,22.54,125.0,110.23,838.051,-51.739,-9.303,-8.142,-3.588,-3.128,-1.896,-1.907,-1.446,-1.409,-0.981,-0.958,-0.787
2026-09-01T21:41:26.539115,278226.75,6295553.0,22.63,125.0,108.89,812.931,-51.067,-8.709,-7.624,-3.14,-2.74,-1.559,-1.614,-1.191,-1.188,-0.79,-0.793,-0.645
2026-09-01T21:41:26.739079,5430.54,122879.0,22.63,125.0,74.7,510.785,-50.383,-8.118,-7.124,-2.72,-2.387,-1.261,-1.362,-0.979,-1.009,-0.639,-0.666,-0.538
2026-09-01T21:41:26.938941,0.91,4.0,4.39,125.0,0.0,65.982,-15.356,3.155,-0.117,2.137,1.514,1.837,1.349,1.425,1.016,0.937,0.594,0.052
2026-09-01T21:41:27.138841,23170.54,524288.0,22.63,125.0,87.3,691.958,-51.969,-9.511,-8.326,-3.751,-3.272,-2.024,-2.02,-1.546,-1.496,-1.059,-1.025,-0.844
2026-09-01T21:41:27.339050,278045.72,6291456.0,22.63,125.0,108.88,751.192,-52.697,-10.177,-8.928,-4.295,-3.762,-2.465,-2.417,-1.904,-1.819,-1.349,-1.287,-1.082
2026-09-01T21:41:27.538945,185.02,4155.0,22.46,125.0,45.34,351.168,-51.49,-9.074,-7.933,-3.396,-2.96,-1.756,-1.78,-1.313,-1.251,-0.812,-0.799,-0.654
2026-09-01T21:41:27.739332,52.99,1023.0,19.31,125.0,34.48,366.156,-51.992,-9.033,-7.336,-2.503,-1.854,-0.595,-0.722,-0.483,-0.519,-0.218,-0.591,-1.154
2026-09-01T21:41:27.939015,231707.3,5242880.0,22.63,93.7,107.3,717.903,-50.22,-7.98,-7.01,-2.627,-2.309,-1.197,-1.309,-0.936,-0.976,-0.614,-0.646,-0.522
2026-09-01T21:41:28.138846,90.51,2048.0,22.63,125.0,39.13,336.419,-52.761,-10.245,-9.001,-4.372,-3.843,-2.551,-2.509,-2.002,-1.923,-1.458,-1.398,-1.191
2026-09-01T21:41:28.339855,439564.53,8388608.0,19.08,93.7,112.86,851.633,-53.277,-10.337,-8.787,-4.082,-3.711,-2.516,-2.48,-1.913,-1.805,-1.042,-0.609,-0.241
2026-09-01T21:41:28.538965,370727.56,8388607.0,22.63,125.0,111.38,808.415,-50.777,-8.456,-7.409,-2.958,-2.585,-1.428,-1.502,-1.096,-1.107,-0.722,-0.735,-0.596
2026-09-01T21:41:28.737208,362.04,8192.0,22.63,93.7,51.18,378.765,-50.271,-8.028,-7.055,-2.668,-2.349,-1.235,-1.345,-0.969,-1.003,-0.637,-0.665,-0.538
2026-09-01T21:41:28.937638,135410.2,3063808.0,22.63,125.0,102.63,773.011,-51.028,-8.674,-7.594,-3.115,-2.718,-1.54,-1.597,-1.177,-1.176,-0.781,-0.785,-0.638
2026-09-01T21:41:29.138059,7240.77,131072.0,18.1,93.7,77.2,614.12,-51.721,-9.287,-8.128,-3.577,-3.122,-1.896,-1.909,-1.445,-1.4,-0.968,-0.946,-0.78
2026-09-01T21:41:29.338728,4344.54,98304.0,22.63,125.0,72.76,588.19,-50.934,-8.592,-7.523,-3.054,-2.666,-1.496,-1.56,-1.146,-1.154,-0.767,-0.779,-0.642
2026-09-01T21:41:29.538810,370727.78,8388608.0,22.63,125.0,111.38,846.007,-51.693,-9.262,-8.106,-3.557,-3.101,-1.872,-1.885,-1.427,-1.391,-0.965,-0.942,-0.772
2026-09-01T21:41:29.737798,47066.02,1064951.0,22.63,125.0,93.45,694.021,-50.681,-8.373,-7.339,-2.899,-2.535,-1.386,-1.467,-1.067,-1.083,-0.702,-0.719,-0.583
2026-09-01T21:41:29.938864,92726.41,2097151.0,22.62,93.7,99.34,772.587,-51.424,-9.018,-7.884,-3.356,-2.92,-1.709,-1.742,-1.311,-1.319,-0.941,-0.976,-0.876
2026-09-01T21:41:30.138836,554.34,12543.0,22.63,125.0,54.88,453.698,-50.546,-8.254,-7.235,-2.808,-2.455,-1.314,-1.402,-1.016,-1.043,-0.679,-0.724,-0.612
2026-09-01T21:41:30.338810,11.42,257.0,22.5,93.7,21.15,306.11,-51.664,-9.238,-8.085,-3.541,-3.099,-1.887,-1.924,-1.503,-1.531,-1.169,-1.213,-1.123
2026-09-01T21:41:30.538622,0.92,1.0,1.09,125.0,0.0,56.111,-11.439,1.839,0.883,2.683,2.355,2.46,1.721,1.352,0.539,-0.003,-0.785,-1.652
2026-09-01T21:41:30.738791,4989.3,112895.0,22.63,93.7,73.96,620.357,-51.428,-9.026,-7.898,-3.376,-2.943,-1.734,-1.764,-1.321,-1.3,-0.886,-0.876,-0.716
2026-09-01T21:41:30.938836,374676.63,8323071.0,22.21,125.0,111.47,773.755,-50.718,-8.14,-6.883,-2.327,-1.928,-0.879,-1.095,-0.843,-1.295,-1.355,-1.731,-2.259
2026-09-01T21:41:31.138088,186779.23,4194304.0,22.46,93.7,105.43,810.775,-51.697,-9.255,-8.1,-3.557,-3.104,-1.887,-1.945,-1.473,-1.396,-0.94,-0.843,-0.497
2026-09-01T21:41:31.338825,378380.03,8388608.0,22.17,125.0,111.56,797.455,-50.628,-8.312,-7.272,-2.832,-2.459,-1.303,-1.4,-1.003,-1.048,-0.751,-0.824,-0.789
2026-09-01T21:41:31.538847,11494.73,260096.0,22.63,125.0,81.21,535.835,-52.08,-9.611,-8.415,-3.831,-3.344,-2.087,-2.076,-1.596,-1.542,-1.099,-1.063,-0.88
2026-09-01T21:41:31.739197,38384.62,786432.0,20.49,125.0,91.68,712.749,-52.51,-9.677,-8.142,-3.309,-2.689,-1.312,-1.208,-0.779,-1.052,-1.067,-1.464,-1.835
2026-09-01T21:41:31.938692,138.24,3103.0,22.45,125.0,42.81,364.294,-52.371,-9.878,-8.655,-4.046,-3.536,-2.267,-2.243,-1.742,-1.677,-1.224,-1.13,-0.924
2026-09-01T21:41:32.139653,140940.5,3145728.0,22.32,125.0,102.98,773.654,-52.529,-9.976,-8.706,-4.05,-3.569,-2.331,-2.339,-1.845,-1.786,-1.249,-0.998,-0.536
2026-09-01T21:41:32.538696,75958.19,1703935.0,22.43,125.0,97.61,749.751,-51.131,-8.734,-7.591,-3.058,-2.631,-1.432,-1.442,-1.064,-1.134,-0.779,-0.882,-0.983
2026-09-01T21:41:32.738742,347991.25,7864319.0,22.6,125.0,110.83,838.937,-51.812,-9.366,-8.189,-3.622,-3.152,-1.911,-1.904,-1.447,-1.423,-1.003,-1.001,-0.889
2026-09-01T21:41:32.939550,417785.06,7864321.0,18.82,125.0,112.42,836.821,-52.954,-10.063,-8.473,-3.609,-2.992,-1.83,-2.22,-1.883,-1.715,-1.046,-0.44,0.857
2026-09-01T21:41:33.138618,22.65,512.0,22.61,125.0,27.1,271.352,-50.482,-8.222,-7.232,-2.831,-2.5,-1.378,-1.481,-1.099,-1.126,-0.752,-0.771,-0.633
2026-09-01T21:41:33.338570,25.31,513.0,20.27,125.0,28.07,303.56,-51.544,-9.142,-8.015,-3.494,-3.068,-1.872,-1.91,-1.466,-1.434,-1.014,-0.999,-0.834
2026-09-01T21:41:33.538639,95940.25,2170880.0,22.63,125.0,99.64,694.528,-50.269,-8.022,-7.045,-2.656,-2.334,-1.218,-1.327,-0.95,-0.985,-0.621,-0.651,-0.526
2026-09-01T21:41:33.736975,372378.84,8356353.0,22.44,125.0,111.42,827.145,-51.043,-8.657,-7.525,-3.002,-2.582,-1.389,-1.405,-1.033,-1.108,-0.758,-0.865,-0.968
2026-09-01T21:41:33.938726,313979.94,6291455.0,20.04,125.0,109.94,795.798,-51.656,-9.23,-8.078,-3.534,-3.085,-1.865,-1.882,-1.425,-1.386,-0.956,-0.94,-0.788
2026-09-01T21:41:34.138809,431189.91,8388607.0,19.45,125.0,112.69,824.051,-51.651,-9.22,-8.06,-3.515,-3.063,-1.832,-1.838,-1.378,-1.357,-0.962,-0.975,-0.84
2026-09-01T21:41:34.338668,370727.59,8388608.0,22.63,125.0,111.38,762.847,-50.255,-8.009,-7.035,-2.647,-2.327,-1.213,-1.322,-0.946,-0.982,-0.618,-0.649,-0.524
2026-09-01T21:41:34.538671,185363.83,4194304.0,22.63,125.0,105.36,779.778,-50.882,-8.547,-7.486,-3.022,-2.64,-1.474,-1.541,-1.129,-1.135,-0.746,-0.755,-0.615
2026-09-01T21:41:34.737334,364552.63,6030342.0,16.54,125.0,111.24,840.826,-53.55,-10.606,-8.962,-4.048,-3.382,-2.172,-2.511,-2.13,-1.925,-1.228,-0.603,0.705
2026-09-01T21:41:34.938535,0.9,1.0,1.11,125.0,0.0,56.706,-11.003,1.888,0.55,2.135,1.821,2.135,1.748,1.567,1.006,0.884,0.407,-0.324
2026-09-01T21:41:35.138528,90.69,2048.0,22.58,93.7,39.15,311.619,-50.552,-8.269,-7.258,-2.836,-2.481,-1.34,-1.426,-1.03,-1.068,-0.704,-0.716,-0.586
2026-09-01T21:41:35.339430,370729.69,8388607.0,22.63,125.0,111.38,814.75,-50.863,-8.531,-7.471,-3.01,-2.628,-1.463,-1.53,-1.12,-1.129,-0.741,-0.754,-0.621
2026-09-01T21:41:35.538667,80.88,1830.0,22.63,125.0,38.16,277.395,-51.255,-8.838,-7.695,-3.163,-2.725,-1.517,-1.556,-1.131,-1.136,-0.751,-0.765,-0.621
2026-09-01T21:41:35.738623,364571.56,8249313.0,22.63,125.0,111.24,806.933,-50.768,-8.449,-7.403,-2.953,-2.581,-1.424,-1.499,-1.094,-1.105,-0.72,-0.733,-0.595
2026-09-01T21:41:35.938620,231704.75,5242880.0,22.63,125.0,107.3,695.074,-50.9,-8.563,-7.499,-3.034,-2.65,-1.482,-1.548,-1.136,-1.14,-0.75,-0.759,-0.616
2026-09-01T21:41:36.138584,46432.02,1048576.0,22.58,125.0,93.34,718.249,-50.939,-8.701,-7.565,-3.101,-2.692,-1.517,-1.56,-1.151,-1.166,-0.781,-0.81,-0.724
2026-09-01T21:41:36.338391,0.94,3.0,3.21,125.0,0.0,70.081,-12.713,1.432,-0.227,1.641,1.316,1.714,1.363,1.185,0.546,0.309,-0.243,-1.027
2026-09-01T21:41:36.538603,374968.56,8388607.0,22.37,125.0,111.48,792.829,-50.579,-8.278,-7.251,-2.817,-2.464,-1.317,-1.402,-1.017,-1.062,-0.703,-0.781,-0.714
2026-09-01T21:41:36.739423,92681.9,2097151.0,22.63,125.0,99.34,647.034,-52.339,-9.847,-8.628,-4.022,-3.514,-2.241,-2.214,-1.72,-1.652,-1.197,-1.149,-0.957
2026-09-01T21:41:36.938651,324559.66,7340032.0,22.62,125.0,110.23,808.928,-50.882,-8.547,-7.486,-3.023,-2.64,-1.473,-1.541,-1.131,-1.136,-0.746,-0.759,-0.618
2026-09-01T21:41:37.138419,0.92,1.0,1.08,125.0,0.0,68.81,-12.012,1.024,-0.174,1.573,1.346,1.739,1.273,1.047,0.438,0.466,-0.04,-0.937
2026-09-01T21:41:37.338516,1408.56,31872.0,22.63,125.0,62.98,530.593,-50.951,-8.608,-7.538,-3.067,-2.677,-1.506,-1.569,-1.153,-1.155,-0.763,-0.769,-0.625
2026-09-01T21:41:37.538505,5.03,111.0,22.05,93.7,14.04,262.31,-51.654,-9.252,-8.124,-3.606,-3.181,-1.988,-2.039,-1.621,-1.627,-1.235,-1.222,-1.036
2026-09-01T21:41:37.737679,243289.98,5505024.0,22.63,125.0,107.72,786.681,-52.341,-9.849,-8.63,-4.023,-3.516,-2.242,-2.214,-1.72,-1.653,-1.198,-1.15,-0.958
2026-09-01T21:41:37.938483,92775.95,2099280.0,22.63,125.0,99.35,774.409,-51.546,-9.131,-7.99,-3.455,-3.012,-1.794,-1.817,-1.367,-1.339,-0.921,-0.906,-0.742
2026-09-01T21:41:38.138583,11585.28,262145.0,22.63,125.0,81.28,590.37,-50.32,-8.065,-7.081,-2.685,-2.358,-1.238,-1.344,-0.964,-0.997,-0.63,-0.659,-0.533
2026-09-01T21:41:38.338570,370727.59,8388608.0,22.63,125.0,111.38,718.577,-52.301,-9.813,-8.596,-3.993,-3.489,-2.217,-2.193,-1.7,-1.635,-1.182,-1.136,-0.946
2026-09-01T21:41:38.538541,46341.0,1048576.0,22.63,125.0,93.32,713.332,-52.188,-9.709,-8.503,-3.91,-3.414,-2.15,-2.132,-1.646,-1.586,-1.139,-1.097,-0.911
2026-09-01T21:41:38.736800,2899.05,65598.0,22.63,125.0,69.25,594.095,-51.537,-9.123,-7.983,-3.45,-3.007,-1.79,-1.813,-1.364,-1.337,-0.919,-0.904,-0.74
2026-09-01T21:41:38.937134,92681.9,2097152.0,22.63,125.0,99.34,754.658,-52.117,-9.644,-8.445,-3.858,-3.367,-2.108,-2.094,-1.612,-1.556,-1.112,-1.073,-0.889
2026-09-01T21:41:39.138553,302845.34,6852607.0,22.63,125.0,109.62,754.661,-52.703,-10.182,-8.933,-4.299,-3.766,-2.469,-2.421,-1.907,-1.822,-1.352,-1.289,-1.083
2026-09-01T21:41:39.338319,23169.02,524255.0,22.63,125.0,87.3,590.048,-50.305,-8.052,-7.07,-2.676,-2.35,-1.232,-1.338,-0.959,-0.993,-0.626,-0.655,-0.53
2026-09-01T21:41:39.539271,92682.0,2097152.0,22.63,125.0,99.34,772.162,-51.424,-9.022,-7.895,-3.373,-2.94,-1.732,-1.762,-1.32,-1.298,-0.885,-0.874,-0.715
2026-09-01T21:41:39.738408,3033.47,68608.0,22.62,125.0,69.64,577.294,-52.084,-9.608,-8.405,-3.821,-3.326,-2.064,-2.05,-1.574,-1.518,-1.085,-1.078,-0.942
2026-09-01T21:41:39.938406,11.35,256.0,22.56,125.0,21.1,301.53,-51.444,-9.05,-7.929,-3.414,-2.987,-1.786,-1.825,-1.392,-1.381,-0.974,-0.965,-0.801
2026-09-01T21:41:40.138461,150990.97,3405823.0,22.56,125.0,103.58,685.418,-50.4,-8.066,-7.004,-2.586,-2.219,-1.081,-1.192,-0.852,-0.883,-0.554,-0.718,-0.815
2026-09-01T21:41:40.338358,389098.44,8388608.0,21.56,125.0,111.8,841.164,-51.322,-8.815,-7.624,-3.08,-2.66,-1.436,-1.525,-1.083,-1.022,-0.697,-0.856,-0.841
2026-09-01T21:41:40.538821,278045.69,6291456.0,22.63,125.0,108.88,753.731,-50.302,-8.049,-7.068,-2.674,-2.349,-1.231,-1.338,-0.959,-0.993,-0.626,-0.656,-0.53
2026-09-01T21:41:40.938385,545.89,9200.0,16.85,125.0,54.74,490.108,-51.43,-9.023,-7.892,-3.368,-2.929,-1.72,-1.765,-1.33,-1.309,-0.897,-0.897,-0.749
2026-09-01T21:41:41.138499,185369.81,4194304.0,22.63,125.0,105.36,803.002,-51.913,-9.46,-8.281,-3.712,-3.237,-1.993,-1.992,-1.521,-1.475,-1.04,-1.008,-0.828
2026-09-01T21:41:41.338383,185363.8,4194304.0,22.63,125.0,105.36,803.657,-51.293,-8.907,-7.795,-3.287,-2.865,-1.667,-1.706,-1.271,-1.256,-0.849,-0.843,-0.688
2026-09-01T21:41:41.539179,6697.72,151552.0,22.63,93.7,76.52,632.951,-51.852,-9.405,-8.231,-3.668,-3.198,-1.958,-1.961,-1.494,-1.451,-1.019,-0.991,-0.817
2026-09-01T21:41:41.738379,1492.0,33760.0,22.63,125.0,63.48,519.944,-52.358,-9.864,-8.643,-4.035,-3.526,-2.251,-2.222,-1.727,-1.659,-1.204,-1.155,-0.962
2026-09-01T21:41:41.938410,185363.8,4194304.0,22.63,125.0,105.36,803.711,-51.896,-9.445,-8.267,-3.699,-3.226,-1.982,-1.983,-1.513,-1.468,-1.033,-1.004,-0.828
2026-09-01T21:41:42.138479,11585.2,262143.0,22.63,125.0,81.28,628.803,-50.784,-8.462,-7.414,-2.962,-2.588,-1.43,-1.503,-1.098,-1.108,-0.723,-0.737,-0.599
2026-09-01T21:41:42.338379,185799.53,4194304.0,22.57,93.7,105.38,710.723,-50.491,-8.207,-7.195,-2.777,-2.427,-1.291,-1.392,-1.019,-1.037,-0.664,-0.718,-0.603
2026-09-01T21:41:42.539078,225912.17,5111809.0,22.63,125.0,107.08,794.755,-52.2,-9.72,-8.513,-3.919,-3.422,-2.157,-2.138,-1.652,-1.591,-1.143,-1.101,-0.914
2026-09-01T21:41:42.738366,270246.84,5242881.0,19.4,125.0,108.64,795.867,-51.538,-9.124,-7.985,-3.452,-3.012,-1.799,-1.824,-1.37,-1.334,-0.91,-0.895,-0.737
2026-09-01T21:41:42.938323,262144.03,4194305.0,16.0,125.0,108.37,802.516,-51.706,-8.78,-7.229,-2.505,-2.063,-0.841,-1.023,-0.614,-0.527,-0.301,-0.661,-0.881
2026-09-01T21:41:43.138511,92684.86,2097215.0,22.63,125.0,99.34,773.503,-51.484,-9.076,-7.942,-3.414,-2.976,-1.764,-1.791,-1.344,-1.32,-0.904,-0.889,-0.725
2026-09-01T21:41:43.338452,304767.06,6850559.0,22.48,125.0,109.68,811.432,-52.261,-9.777,-8.568,-3.965,-3.476,-2.221,-2.208,-1.716,-1.658,-1.19,-1.095,-0.831
2026-09-01T21:41:43.538986,224583.14,5074944.0,22.6,93.7,107.03,731.314,-18.446,1.735,-2.126,0.132,-0.445,0.079,-0.341,-0.237,-0.447,-0.239,-0.352,-0.329
2026-09-01T21:41:43.736574,46341.04,1048577.0,22.63,125.0,93.32,680.709,-50.522,-8.238,-7.225,-2.804,-2.457,-1.321,-1.413,-1.022,-1.046,-0.67,-0.69,-0.557
2026-09-01T21:41:43.938530,36203.87,786432.0,21.72,125.0,91.18,722.786,-51.7,-9.269,-8.111,-3.562,-3.106,-1.877,-1.89,-1.431,-1.394,-0.968,-0.946,-0.778
2026-09-01T21:41:44.138252,10679.82,241648.0,22.63,125.0,80.57,629.751,-50.856,-8.524,-7.466,-3.006,-2.625,-1.46,-1.529,-1.119,-1.126,-0.738,-0.752,-0.616
2026-09-01T21:41:44.337951,34744.41,786176.0,22.63,93.7,90.82,723.421,-51.645,-9.22,-8.068,-3.524,-3.071,-1.846,-1.863,-1.407,-1.375,-0.952,-0.932,-0.765
2026-09-01T21:41:44.538274,428186.28,7340031.0,17.14,125.0,112.63,797.651,-51.847,-9.141,-7.804,-3.246,-2.96,-1.843,-1.894,-1.426,-1.409,-0.756,-0.431,-0.136
2026-09-01T21:41:44.737970,13858.38,262144.0,18.92,93.7,82.83,666.675,-51.587,-9.166,-8.02,-3.481,-3.033,-1.812,-1.836,-1.386,-1.356,-0.936,-0.92,-0.755
2026-09-01T21:41:44.938259,334370.34,6291457.0,18.82,125.0,110.48,826.683,-51.764,-9.322,-8.155,-3.597,-3.13,-1.895,-1.915,-1.457,-1.418,-0.988,-0.966,-0.79
2026-09-01T21:41:45.137941,1.73,33.0,19.05,125.0,4.77,100.56,-30.678,3.261,-0.48,1.7,1.299,1.953,0.909,0.936,0.52,0.384,-0.133,-0.731
2026-09-01T21:41:45.338103,137755.72,3117056.0,22.63,125.0,102.78,766.048,-52.238,-9.754,-8.544,-3.946,-3.446,-2.179,-2.158,-1.669,-1.607,-1.157,-1.114,-0.926
2026-09-01T21:41:45.538187,92681.9,2097152.0,22.63,125.0,99.34,649.538,-52.473,-9.97,-8.739,-4.122,-3.605,-2.323,-2.288,-1.786,-1.712,-1.252,-1.199,-1.001
2026-09-01T21:41:45.737929,726.86,16447.0,22.63,125.0,57.23,427.485,-50.189,-7.952,-6.985,-2.604,-2.289,-1.179,-1.292,-0.918,-0.956,-0.593,-0.625,-0.503
2026-09-01T21:41:45.938039,1335.02,30208.0,22.63,125.0,62.51,551.102,-51.405,-9.005,-7.88,-3.361,-2.929,-1.723,-1.755,-1.313,-1.293,-0.881,-0.871,-0.712
2026-09-01T21:41:46.138173,185500.78,4194304.0,22.61,125.0,105.37,750.575,-50.505,-8.223,-7.212,-2.793,-2.445,-1.307,-1.399,-1.012,-1.042,-0.672,-0.695,-0.562
2026-09-01T21:41:46.338190,207885.72,4194304.0,20.18,125.0,106.36,764.386,-51.234,-8.851,-7.742,-3.234,-2.813,-1.611,-1.652,-1.218,-1.192,-0.762,-0.743,-0.593
2026-09-01T21:41:46.538016,126871.87,2758639.0,21.74,125.0,102.07,724.787,-51.553,-9.12,-7.973,-3.435,-2.994,-1.773,-1.807,-1.341,-1.277,-0.874,-0.913,-0.799
2026-09-01T21:41:46.738232,39409.01,852479.0,21.63,125.0,91.91,714.619,-51.417,-8.738,-7.409,-2.806,-2.39,-1.169,-1.302,-0.868,-0.784,-0.503,-0.757,-0.843
2026-09-01T21:41:46.938095,46340.95,1048576.0,22.63,125.0,93.32,656.688,-50.269,-8.022,-7.045,-2.656,-2.334,-1.218,-1.327,-0.95,-0.986,-0.621,-0.651,-0.526
2026-09-01T21:41:47.138098,322192.44,5898240.0,18.31,125.0,110.16,828.441,-51.765,-8.995,-7.499,-2.801,-2.233,-0.993,-1.09,-0.794,-0.8,-0.467,-0.755,-1.15
2026-09-01T21:41:47.338129,15171.68,327986.0,21.62,125.0,83.62,608.415,-51.8,-9.361,-8.2,-3.649,-3.194,-1.969,-1.989,-1.531,-1.509,-1.121,-1.139,-0.946
2026-09-01T21:41:47.537974,676.32,15295.0,22.61,125.0,56.6,474.36,-52.403,-9.906,-8.681,-4.07,-3.558,-2.281,-2.247,-1.748,-1.678,-1.221,-1.171,-0.977
2026-09-01T21:41:47.738097,121451.7,2021375.0,16.64,125.0,101.69,783.287,-52.626,-9.491,-7.739,-2.864,-2.325,-1.034,-1.178,-0.733,-0.609,-0.372,-0.747,-1.001
2026-09-01T21:41:47.937991,197155.38,4461117.0,22.63,125.0,105.9,780.253,-50.843,-8.513,-7.457,-2.998,-2.619,-1.457,-1.527,-1.117,-1.125,-0.737,-0.747,-0.607
2026-09-01T21:41:48.138011,144815.42,3276799.0,22.63,93.7,103.22,797.708,-51.636,-9.211,-8.06,-3.517,-3.066,-1.841,-1.858,-1.403,-1.371,-0.949,-0.929,-0.763
2026-09-01T21:41:48.337824,209210.72,3309567.0,15.82,125.0,106.41,762.865,-52.415,-9.657,-8.173,-3.453,-2.846,-1.541,-1.552,-1.162,-1.107,-0.706,-0.884,-1.132
2026-09-01T21:41:48.538030,131823.73,2792448.0,21.18,93.7,102.4,785.953,-51.811,-9.368,-8.198,-3.638,-3.17,-1.931,-1.937,-1.473,-1.436,-1.007,-0.981,-0.807
2026-09-01T21:41:48.737114,156.63,3544.0,22.63,125.0,43.9,371.467,-52.688,-10.174,-8.931,-4.303,-3.776,-2.484,-2.441,-1.933,-1.854,-1.388,-1.33,-1.127
2026-09-01T21:41:49.137586,15762.49,350208.0,22.22,125.0,83.95,565.121,-50.85,-8.435,-7.364,-2.962,-2.641,-1.62,-1.869,-1.713,-1.835,-1.506,-1.229,-0.613
2026-09-01T21:41:49.337728,374813.84,8380415.0,22.36,125.0,111.48,819.406,-52.196,-9.718,-8.512,-3.919,-3.425,-2.162,-2.136,-1.647,-1.588,-1.142,-1.1,-0.917
2026-09-01T21:41:49.537881,45.26,1024.0,22.62,93.7,33.12,374.936,-51.837,-9.397,-8.23,-3.672,-3.209,-1.974,-1.983,-1.521,-1.484,-1.056,-1.031,-0.857
2026-09-01T21:41:49.737886,26790.86,606208.0,22.63,125.0,88.56,658.569,-52.479,-9.976,-8.744,-4.127,-3.609,-2.326,-2.291,-1.789,-1.715,-1.255,-1.201,-1.004
2026-09-01T21:41:49.937755,499185.19,8134657.0,16.3,125.0,113.97,857.411,-54.673,-9.826,-8.973,-3.955,-3.653,-2.495,-2.443,-1.933,-1.883,-1.044,-0.453,0.115
2026-09-01T21:41:50.138566,181.51,4107.0,22.63,125.0,45.18,388.469,-50.447,-8.169,-7.162,-2.747,-2.404,-1.27,-1.364,-0.974,-0.998,-0.624,-0.646,-0.516
2026-09-01T21:41:50.337839,138118.98,3125222.0,22.63,125.0,102.81,793.409,-51.447,-9.044,-7.914,-3.391,-2.956,-1.747,-1.776,-1.332,-1.311,-0.894,-0.878,-0.715
2026-09-01T21:41:50.537832,24745.58,524288.0,21.19,125.0,87.87,672.717,-53.675,-10.75,-9.201,-4.469,-4.048,-2.812,-2.751,-2.175,-2.061,-1.309,-0.89,-0.519
2026-09-01T21:41:50.738669,185366.05,4194305.0,22.63,93.7,105.36,807.013,-51.383,-8.986,-7.864,-3.346,-2.917,-1.711,-1.745,-1.304,-1.285,-0.874,-0.864,-0.707
2026-09-01T21:41:50.937899,49497.86,1048576.0,21.18,125.0,93.89,710.414,-51.119,-8.605,-7.595,-3.087,-2.698,-1.499,-1.556,-1.155,-1.172,-0.793,-0.806,-0.654
2026-09-01T21:41:51.138001,185363.84,4194305.0,22.63,93.7,105.36,804.762,-51.32,-8.931,-7.815,-3.304,-2.881,-1.68,-1.718,-1.281,-1.265,-0.856,-0.849,-0.694
2026-09-01T21:41:51.336652,256800.77,4194559.0,16.33,125.0,108.19,776.55,-51.372,-8.511,-7.023,-2.388,-2.047,-0.954,-1.132,-0.966,-1.087,-1.093,-2.003,-2.658
2026-09-01T21:41:51.536645,0.91,1.0,1.1,125.0,0.0,79.234,-20.744,3.942,-0.27,1.837,1.051,1.593,1.171,1.204,0.525,-0.132,-0.949,-1.496
2026-09-01T21:41:51.736728,208554.39,4718592.0,22.63,125.0,106.38,770.061,-50.659,-8.354,-7.321,-2.883,-2.521,-1.372,-1.454,-1.06,-1.08,-0.706,-0.736,-0.611
2026-09-01T21:41:51.936494,280942.0,6356992.0,22.63,125.0,108.97,831.932,-51.536,-9.122,-7.982,-3.449,-3.006,-1.789,-1.813,-1.363,-1.336,-0.918,-0.903,-0.74
2026-09-01T21:41:52.136147,1.68,32.0,19.01,125.0,4.52,148.546,-44.203,-2.969,-2.887,0.781,0.516,1.126,0.554,0.474,-0.022,-0.098,-0.491,-0.593
2026-09-01T21:41:52.335502,0.96,7.0,7.26,125.0,0.0,127.089,-39.898,-0.248,-1.144,1.989,1.384,1.694,0.764,0.194,-0.846,-1.413,-2.152,-2.374
2026-09-01T21:41:52.536477,1448.2,32769.0,22.63,125.0,63.22,450.879,-50.248,-8.005,-7.033,-2.648,-2.329,-1.216,-1.327,-0.952,-0.988,-0.623,-0.652,-0.527
2026-09-01T21:41:52.737761,1.32,22.0,16.61,125.0,2.44,91.422,-27.609,3.826,-0.242,1.983,1.33,1.861,1.274,1.095,0.519,0.387,-0.194,-0.708
2026-09-01T21:41:52.938039,618.6,13056.0,21.11,125.0,55.83,492.488,-52.135,-9.472,-8.139,-3.493,-3.004,-1.719,-1.774,-1.291,-1.185,-0.849,-1.02,-1.017
2026-09-01T21:41:53.137727,2172.24,49152.0,22.63,125.0,66.74,575.625,-51.377,-8.981,-7.859,-3.342,-2.913,-1.708,-1.742,-1.301,-1.282,-0.872,-0.864,-0.708
2026-09-01T21:41:53.337702,47942.67,983039.0,20.5,125.0,93.61,643.616,-51.381,-8.404,-6.809,-2.076,-1.663,-0.483,-0.729,-0.373,-0.324,-0.152,-0.584,-0.885
2026-09-01T21:41:53.538007,185363.94,4194307.0,22.63,125.0,105.36,713.951,-52.754,-10.23,-8.977,-4.339,-3.802,-2.502,-2.451,-1.935,-1.848,-1.375,-1.31,-1.102
2026-09-01T21:41:53.736813,17379.85,393217.0,22.62,125.0,84.8,685.878,-51.745,-9.309,-8.147,-3.593,-3.132,-1.9,-1.91,-1.448,-1.411,-0.983,-0.96,-0.789
2026-09-01T21:41:53.938447,93043.27,2105325.0,22.63,125.0,99.37,715.61,-52.549,-10.04,-8.803,-4.181,-3.658,-2.37,-2.331,-1.825,-1.748,-1.284,-1.228,-1.028
2026-09-01T21:41:54.137714,278272.84,6275071.0,22.55,125.0,108.89,831.108,-51.678,-9.249,-8.093,-3.546,-3.091,-1.864,-1.878,-1.421,-1.386,-0.961,-0.941,-0.773
2026-09-01T21:41:54.337750,370727.56,8388607.0,22.63,125.0,111.38,822.736,-50.986,-8.637,-7.563,-3.088,-2.695,-1.521,-1.581,-1.164,-1.164,-0.77,-0.776,-0.631
2026-09-01T21:41:54.537693,107.13,2412.0,22.51,93.7,40.6,332.539,-50.663,-8.36,-7.33,-2.897,-2.542,-1.391,-1.452,-1.039,-1.047,-0.67,-0.691,-0.565
2026-09-01T21:41:54.737684,126.27,2857.0,22.63,125.0,42.03,421.399,-51.239,-8.861,-7.756,-3.254,-2.839,-1.645,-1.689,-1.257,-1.246,-0.841,-0.837,-0.684
2026-09-01T21:41:54.937547,357694.22,8093696.0,22.63,125.0,111.07,753.925,-50.214,-7.975,-7.007,-2.624,-2.308,-1.197,-1.309,-0.936,-0.974,-0.611,-0.643,-0.52
2026-09-01T21:41:55.137644,334548.84,5767425.0,17.24,125.0,110.49,811.365,-51.873,-8.968,-7.329,-2.536,-1.912,-0.661,-0.787,-0.542,-0.578,-0.287,-0.669,-1.207
2026-09-01T21:41:55.337596,50.1,1104.0,22.03,93.7,34.0,376.978,-51.888,-9.443,-8.271,-3.71,-3.243,-2.006,-2.012,-1.546,-1.504,-1.073,-1.046,-0.872
2026-09-01T21:41:55.537642,92681.9,2097152.0,22.63,125.0,99.34,756.554,-51.08,-8.72,-7.634,-3.148,-2.747,-1.565,-1.619,-1.196,-1.192,-0.793,-0.796,-0.647
2026-09-01T21:41:55.737690,185714.28,4194304.0,22.58,93.7,105.38,697.369,-50.855,-8.52,-7.459,-2.995,-2.607,-1.434,-1.498,-1.09,-1.096,-0.719,-0.777,-0.694
2026-09-01T21:41:55.936530,320.94,7262.0,22.63,125.0,50.13,456.167,-52.156,-9.679,-8.475,-3.883,-3.389,-2.127,-2.11,-1.626,-1.57,-1.126,-1.089,-0.906
2026-09-01T21:41:56.136816,9.31,209.0,22.44,125.0,19.38,171.406,-46.24,-4.486,-4.072,-0.267,-0.527,0.01,-0.608,-0.495,-0.472,0.026,-0.298,-0.799
2026-09-01T21:41:56.337646,46376.24,1048576.0,22.61,125.0,93.33,715.967,-51.006,-8.655,-7.578,-3.101,-2.707,-1.532,-1.591,-1.172,-1.17,-0.773,-0.778,-0.633
2026-09-01T21:41:56.536719,955.92,21630.0,22.63,93.7,59.61,535.151,-51.457,-9.051,-7.92,-3.395,-2.958,-1.747,-1.776,-1.331,-1.308,-0.894,-0.882,-0.723
2026-09-01T21:41:56.737649,266460.41,6029311.0,22.63,125.0,108.51,777.799,-50.597,-8.302,-7.278,-2.849,-2.494,-1.351,-1.437,-1.042,-1.062,-0.684,-0.703,-0.569
2026-09-01T21:41:56.937665,331.16,7423.0,22.42,93.7,50.4,391.584,-52.016,-9.553,-8.368,-3.8,-3.327,-2.081,-2.072,-1.583,-1.521,-1.062,-0.998,-0.781
